group_kind,group_name,topology,topology_mode,algorithm_label,aggregation,attack_strategy,byzantine_fraction,byzantine_placement,target_arm,inflated_mean,metric,n,mean,std,sem,ci95_low,ci95_high,min,max,ci_method
primary,clean_dynamic_communication_topologies,ring,dynamic,mean,mean,no_attack,0.0,none,,1.0,mean_per_agent_regret,100,78.04083999999973,3.7928589486618236,0.37928589486618236,77.29745330621797,78.78422669378149,70.33399999999976,85.72799999999962,normal_approximation
primary,clean_dynamic_communication_topologies,ring,dynamic,mean,mean,no_attack,0.0,none,,1.0,total_population_regret,100,1951.0209999999934,94.8214737165456,9.482147371654559,1932.4363326554494,1969.6056673445373,1758.349999999994,2143.1999999999907,normal_approximation
primary,clean_dynamic_communication_topologies,ring,dynamic,mean,mean,no_attack,0.0,none,,1.0,median_honest_regret,100,74.51399999999998,8.79292955169146,0.879292955169146,72.79061747600866,76.2373825239913,51.34999999999977,98.49999999999996,normal_approximation
primary,clean_dynamic_communication_topologies,ring,dynamic,mean,mean,no_attack,0.0,none,,1.0,worst_decile_honest_regret,100,138.08579999999915,16.167734184061214,1.6167734184061213,134.91698232876143,141.25461767123687,95.19000000000065,172.84999999999815,normal_approximation
primary,clean_dynamic_communication_topologies,ring,dynamic,mean,mean,no_attack,0.0,none,,1.0,max_honest_regret,100,165.24399999999878,18.95883802858009,1.895883802858009,161.52813602752425,168.9598639724733,109.34999999999793,214.2499999999984,normal_approximation
primary,clean_dynamic_communication_topologies,ring,dynamic,mean,mean,no_attack,0.0,none,,1.0,best_arm_identification_rate,100,1.0,0.0,0.0,1.0,1.0,1.0,1.0,normal_approximation
primary,clean_dynamic_communication_topologies,ring,dynamic,mean,mean,no_attack,0.0,none,,1.0,messages_sent,100,100000.0,0.0,0.0,100000.0,100000.0,100000.0,100000.0,normal_approximation
primary,clean_dynamic_communication_topologies,ring,dynamic,mean,mean,no_attack,0.0,none,,1.0,scalar_values_sent,100,1000000.0,0.0,0.0,1000000.0,1000000.0,1000000.0,1000000.0,normal_approximation
primary,clean_dynamic_communication_topologies,ring,dynamic,median,median,no_attack,0.0,none,,1.0,mean_per_agent_regret,100,367.1473799999952,86.33397948544518,8.633397948544518,350.22623095664596,384.0685290433445,181.80599999999777,597.1359999999894,normal_approximation
primary,clean_dynamic_communication_topologies,ring,dynamic,median,median,no_attack,0.0,none,,1.0,total_population_regret,100,9178.684499999881,2158.3494871361295,215.83494871361296,8755.65577391615,9601.713226083612,4545.149999999944,14928.399999999734,normal_approximation
primary,clean_dynamic_communication_topologies,ring,dynamic,median,median,no_attack,0.0,none,,1.0,median_honest_regret,100,275.33149999999773,112.83254658313109,11.283254658313108,253.21672724131025,297.4462727586852,4.45,648.0500000000028,normal_approximation
primary,clean_dynamic_communication_topologies,ring,dynamic,median,median,no_attack,0.0,none,,1.0,worst_decile_honest_regret,100,841.5458999999878,138.38191039816377,13.838191039816376,814.4235439507628,868.6682560492128,462.2200000000027,998.87,normal_approximation
primary,clean_dynamic_communication_topologies,ring,dynamic,median,median,no_attack,0.0,none,,1.0,max_honest_regret,100,984.990499999999,52.21000024909569,5.22100002490957,974.7575279878935,995.2234720121045,648.2999999999778,999.65,normal_approximation
primary,clean_dynamic_communication_topologies,ring,dynamic,median,median,no_attack,0.0,none,,1.0,best_arm_identification_rate,100,0.6124,0.1452487938717982,0.01452487938717982,0.5839317595213394,0.6408682404786608,0.28,0.92,normal_approximation
primary,clean_dynamic_communication_topologies,ring,dynamic,median,median,no_attack,0.0,none,,1.0,messages_sent,100,100000.0,0.0,0.0,100000.0,100000.0,100000.0,100000.0,normal_approximation
primary,clean_dynamic_communication_topologies,ring,dynamic,median,median,no_attack,0.0,none,,1.0,scalar_values_sent,100,1000000.0,0.0,0.0,1000000.0,1000000.0,1000000.0,1000000.0,normal_approximation
primary,clean_dynamic_communication_topologies,ring,dynamic,trimmed_mean,trimmed_mean,no_attack,0.0,none,,1.0,mean_per_agent_regret,100,239.98933999999736,52.19328259193462,5.219328259193462,229.75964458848603,250.21903541150868,137.87799999999814,373.303999999997,normal_approximation
primary,clean_dynamic_communication_topologies,ring,dynamic,trimmed_mean,trimmed_mean,no_attack,0.0,none,,1.0,total_population_regret,100,5999.733499999935,1304.8320647983655,130.48320647983655,5743.991114712152,6255.475885287718,3446.9499999999534,9332.599999999926,normal_approximation
primary,clean_dynamic_communication_topologies,ring,dynamic,trimmed_mean,trimmed_mean,no_attack,0.0,none,,1.0,median_honest_regret,100,185.23299999999733,58.801105526265644,5.880110552626564,173.70819509173535,196.75780490825932,1.05,301.0,normal_approximation
primary,clean_dynamic_communication_topologies,ring,dynamic,trimmed_mean,trimmed_mean,no_attack,0.0,none,,1.0,worst_decile_honest_regret,100,551.2356999999924,123.34869660458179,12.334869660458178,527.0597997114986,575.4116002884863,280.60000000000184,865.4399999999766,normal_approximation
primary,clean_dynamic_communication_topologies,ring,dynamic,trimmed_mean,trimmed_mean,no_attack,0.0,none,,1.0,max_honest_regret,100,802.1594999999903,167.00337408056612,16.700337408056612,769.4274401505323,834.8915598494483,492.4,999.65,normal_approximation
primary,clean_dynamic_communication_topologies,ring,dynamic,trimmed_mean,trimmed_mean,no_attack,0.0,none,,1.0,best_arm_identification_rate,100,0.6036,0.1350310102805046,0.01350310102805046,0.5771344083054153,0.6300655916945848,0.2,0.88,normal_approximation
primary,clean_dynamic_communication_topologies,ring,dynamic,trimmed_mean,trimmed_mean,no_attack,0.0,none,,1.0,messages_sent,100,100000.0,0.0,0.0,100000.0,100000.0,100000.0,100000.0,normal_approximation
primary,clean_dynamic_communication_topologies,ring,dynamic,trimmed_mean,trimmed_mean,no_attack,0.0,none,,1.0,scalar_values_sent,100,1000000.0,0.0,0.0,1000000.0,1000000.0,1000000.0,1000000.0,normal_approximation
primary,clean_dynamic_communication_topologies,scale_free,dynamic,mean,mean,no_attack,0.0,none,,1.0,mean_per_agent_regret,100,78.10725999999971,6.927309525714086,0.6927309525714086,76.74953228198363,79.46498771801579,61.823999999999806,101.23199999999926,normal_approximation
primary,clean_dynamic_communication_topologies,scale_free,dynamic,mean,mean,no_attack,0.0,none,,1.0,total_population_regret,100,1952.6814999999926,173.18273814285214,17.318273814285213,1918.7383070495905,1986.6246929503948,1545.5999999999951,2530.7999999999815,normal_approximation
primary,clean_dynamic_communication_topologies,scale_free,dynamic,mean,mean,no_attack,0.0,none,,1.0,median_honest_regret,100,78.69599999999994,13.032077130811963,1.3032077130811963,76.14175981798599,81.2502401820139,40.049999999999926,129.24999999999952,normal_approximation
primary,clean_dynamic_communication_topologies,scale_free,dynamic,mean,mean,no_attack,0.0,none,,1.0,worst_decile_honest_regret,100,135.5134999999992,18.13628849443908,1.813628849443908,131.95885277376632,139.06814722623207,97.01999999999948,180.8299999999987,normal_approximation
primary,clean_dynamic_communication_topologies,scale_free,dynamic,mean,mean,no_attack,0.0,none,,1.0,max_honest_regret,100,165.65899999999888,25.25026390501102,2.525026390501102,160.71003921460354,170.60796078539423,102.60000000000002,226.19999999999675,normal_approximation
primary,clean_dynamic_communication_topologies,scale_free,dynamic,mean,mean,no_attack,0.0,none,,1.0,best_arm_identification_rate,100,1.0,0.0,0.0,1.0,1.0,1.0,1.0,normal_approximation
primary,clean_dynamic_communication_topologies,scale_free,dynamic,mean,mean,no_attack,0.0,none,,1.0,messages_sent,100,184000.0,0.0,0.0,184000.0,184000.0,184000.0,184000.0,normal_approximation
primary,clean_dynamic_communication_topologies,scale_free,dynamic,mean,mean,no_attack,0.0,none,,1.0,scalar_values_sent,100,1840000.0,0.0,0.0,1840000.0,1840000.0,1840000.0,1840000.0,normal_approximation
primary,clean_dynamic_communication_topologies,scale_free,dynamic,median,median,no_attack,0.0,none,,1.0,mean_per_agent_regret,100,411.4087399999951,86.71579469454991,8.671579469454992,394.41275655078636,428.4047234492038,186.97999999999658,613.8179999999927,normal_approximation
primary,clean_dynamic_communication_topologies,scale_free,dynamic,median,median,no_attack,0.0,none,,1.0,total_population_regret,100,10285.218499999877,2167.894867363748,216.78948673637478,9860.318913769659,10710.118086230095,4674.4999999999145,15345.449999999817,normal_approximation
primary,clean_dynamic_communication_topologies,scale_free,dynamic,median,median,no_attack,0.0,none,,1.0,median_honest_regret,100,336.8324999999984,146.79175646613606,14.679175646613606,308.06184440989824,365.60315559009854,13.750000000000007,796.1499999999719,normal_approximation
primary,clean_dynamic_communication_topologies,scale_free,dynamic,median,median,no_attack,0.0,none,,1.0,worst_decile_honest_regret,100,879.8360999999888,116.89113293738525,11.689113293738526,856.925858933053,902.7463410669247,532.5899999999926,998.63,normal_approximation
primary,clean_dynamic_communication_topologies,scale_free,dynamic,median,median,no_attack,0.0,none,,1.0,max_honest_regret,100,983.1499999999982,41.56019791225194,4.1560197912251935,975.004350890161,991.2956491098353,799.1499999999717,1000.0,normal_approximation
primary,clean_dynamic_communication_topologies,scale_free,dynamic,median,median,no_attack,0.0,none,,1.0,best_arm_identification_rate,100,0.6936,0.15880564323484325,0.015880564323484326,0.662474665871799,0.724725334128201,0.24,1.0,normal_approximation
primary,clean_dynamic_communication_topologies,scale_free,dynamic,median,median,no_attack,0.0,none,,1.0,messages_sent,100,184000.0,0.0,0.0,184000.0,184000.0,184000.0,184000.0,normal_approximation
primary,clean_dynamic_communication_topologies,scale_free,dynamic,median,median,no_attack,0.0,none,,1.0,scalar_values_sent,100,1840000.0,0.0,0.0,1840000.0,1840000.0,1840000.0,1840000.0,normal_approximation
primary,clean_dynamic_communication_topologies,scale_free,dynamic,trimmed_mean,trimmed_mean,no_attack,0.0,none,,1.0,mean_per_agent_regret,100,308.1091399999969,57.49734332185297,5.749734332185297,296.83986778824027,319.3784122117535,169.91399999999874,502.09999999999394,normal_approximation
primary,clean_dynamic_communication_topologies,scale_free,dynamic,trimmed_mean,trimmed_mean,no_attack,0.0,none,,1.0,total_population_regret,100,7702.728499999922,1437.4335830463242,143.7433583046324,7420.996694706006,7984.460305293838,4247.8499999999685,12552.499999999849,normal_approximation
primary,clean_dynamic_communication_topologies,scale_free,dynamic,trimmed_mean,trimmed_mean,no_attack,0.0,none,,1.0,median_honest_regret,100,246.9359999999977,75.53610350907331,7.553610350907332,232.13119575897036,261.74080424102505,100.94999999999854,500.45,normal_approximation
primary,clean_dynamic_communication_topologies,scale_free,dynamic,trimmed_mean,trimmed_mean,no_attack,0.0,none,,1.0,worst_decile_honest_regret,100,672.3873999999893,136.5554512936733,13.65554512936733,645.623023357168,699.1517766428105,418.4800000000003,996.4099999999999,normal_approximation
primary,clean_dynamic_communication_topologies,scale_free,dynamic,trimmed_mean,trimmed_mean,no_attack,0.0,none,,1.0,max_honest_regret,100,904.8329999999921,126.85815056451023,12.685815056451023,879.9692593748122,929.6967406251721,500.15,1000.0,normal_approximation
primary,clean_dynamic_communication_topologies,scale_free,dynamic,trimmed_mean,trimmed_mean,no_attack,0.0,none,,1.0,best_arm_identification_rate,100,0.6692,0.1658384269051773,0.01658384269051773,0.6366962656013074,0.7017037343986926,0.16,0.92,normal_approximation
primary,clean_dynamic_communication_topologies,scale_free,dynamic,trimmed_mean,trimmed_mean,no_attack,0.0,none,,1.0,messages_sent,100,184000.0,0.0,0.0,184000.0,184000.0,184000.0,184000.0,normal_approximation
primary,clean_dynamic_communication_topologies,scale_free,dynamic,trimmed_mean,trimmed_mean,no_attack,0.0,none,,1.0,scalar_values_sent,100,1840000.0,0.0,0.0,1840000.0,1840000.0,1840000.0,1840000.0,normal_approximation
primary,clean_dynamic_communication_topologies,small_world,dynamic,mean,mean,no_attack,0.0,none,,1.0,mean_per_agent_regret,100,64.10377999999984,4.639915654884694,0.4639915654884694,63.194373242512086,65.0131867574876,54.65999999999986,74.97399999999965,normal_approximation
primary,clean_dynamic_communication_topologies,small_world,dynamic,mean,mean,no_attack,0.0,none,,1.0,total_population_regret,100,1602.594499999996,115.99789137211734,11.599789137211733,1579.859331062802,1625.32966893719,1366.4999999999966,1874.349999999991,normal_approximation
primary,clean_dynamic_communication_topologies,small_world,dynamic,mean,mean,no_attack,0.0,none,,1.0,median_honest_regret,100,61.82400000000003,9.414703415617508,0.9414703415617508,59.97875203802637,63.66924796197368,37.75000000000016,82.29999999999946,normal_approximation
primary,clean_dynamic_communication_topologies,small_world,dynamic,mean,mean,no_attack,0.0,none,,1.0,worst_decile_honest_regret,100,119.11949999999945,16.0686944134086,1.60686944134086,115.97009376711337,122.26890623288553,83.92999999999968,159.9899999999987,normal_approximation
primary,clean_dynamic_communication_topologies,small_world,dynamic,mean,mean,no_attack,0.0,none,,1.0,max_honest_regret,100,152.89899999999884,23.03094972975564,2.303094972975564,148.3850167999915,157.41298320000618,107.59999999999863,208.55000000000103,normal_approximation
primary,clean_dynamic_communication_topologies,small_world,dynamic,mean,mean,no_attack,0.0,none,,1.0,best_arm_identification_rate,100,1.0,0.0,0.0,1.0,1.0,1.0,1.0,normal_approximation
primary,clean_dynamic_communication_topologies,small_world,dynamic,mean,mean,no_attack,0.0,none,,1.0,messages_sent,100,200000.0,0.0,0.0,200000.0,200000.0,200000.0,200000.0,normal_approximation
primary,clean_dynamic_communication_topologies,small_world,dynamic,mean,mean,no_attack,0.0,none,,1.0,scalar_values_sent,100,2000000.0,0.0,0.0,2000000.0,2000000.0,2000000.0,2000000.0,normal_approximation
primary,clean_dynamic_communication_topologies,small_world,dynamic,median,median,no_attack,0.0,none,,1.0,mean_per_agent_regret,100,294.4434399999968,79.54710080087436,7.954710080087436,278.85249473556775,310.0343852644259,92.9499999999996,476.8639999999944,normal_approximation
primary,clean_dynamic_communication_topologies,small_world,dynamic,median,median,no_attack,0.0,none,,1.0,total_population_regret,100,7361.085999999919,1988.6775200218592,198.8677520021859,6971.312368389192,7750.859631610647,2323.74999999999,11921.59999999986,normal_approximation
primary,clean_dynamic_communication_topologies,small_world,dynamic,median,median,no_attack,0.0,none,,1.0,median_honest_regret,100,200.45899999999858,96.77444419625921,9.677444419625921,181.49155747514365,219.4264425248535,5.3,496.05,normal_approximation
primary,clean_dynamic_communication_topologies,small_world,dynamic,median,median,no_attack,0.0,none,,1.0,worst_decile_honest_regret,100,731.1230999999884,173.0295759660146,17.30295759660146,697.2099262846258,765.0362737153511,253.56999999999763,998.11,normal_approximation
primary,clean_dynamic_communication_topologies,small_world,dynamic,median,median,no_attack,0.0,none,,1.0,max_honest_regret,100,931.0914999999951,130.77006172355823,13.077006172355823,905.4610388765697,956.7219611234206,399.94999999999436,999.9,normal_approximation
primary,clean_dynamic_communication_topologies,small_world,dynamic,median,median,no_attack,0.0,none,,1.0,best_arm_identification_rate,100,0.8079999999999999,0.11581943452694549,0.01158194345269455,0.7852998079617391,0.8307001920382607,0.52,1.0,normal_approximation
primary,clean_dynamic_communication_topologies,small_world,dynamic,median,median,no_attack,0.0,none,,1.0,messages_sent,100,200000.0,0.0,0.0,200000.0,200000.0,200000.0,200000.0,normal_approximation
primary,clean_dynamic_communication_topologies,small_world,dynamic,median,median,no_attack,0.0,none,,1.0,scalar_values_sent,100,2000000.0,0.0,0.0,2000000.0,2000000.0,2000000.0,2000000.0,normal_approximation
primary,clean_dynamic_communication_topologies,small_world,dynamic,trimmed_mean,trimmed_mean,no_attack,0.0,none,,1.0,mean_per_agent_regret,100,247.32639999999776,91.67913011160205,9.167913011160206,229.3576206847276,265.29517931526794,52.719999999999985,490.69000000000005,normal_approximation
primary,clean_dynamic_communication_topologies,small_world,dynamic,trimmed_mean,trimmed_mean,no_attack,0.0,none,,1.0,total_population_regret,100,6183.159999999944,2291.978252790051,229.19782527900512,5733.940517118191,6632.379482881698,1317.9999999999995,12267.250000000002,normal_approximation
primary,clean_dynamic_communication_topologies,small_world,dynamic,trimmed_mean,trimmed_mean,no_attack,0.0,none,,1.0,median_honest_regret,100,160.7664999999989,113.62824265133254,11.362824265133254,138.49577367767992,183.03722632231788,2.8,497.4000000000001,normal_approximation
primary,clean_dynamic_communication_topologies,small_world,dynamic,trimmed_mean,trimmed_mean,no_attack,0.0,none,,1.0,worst_decile_honest_regret,100,595.1211999999905,186.62194485529753,18.662194485529753,558.5439709358702,631.6984290641108,135.37000000000114,995.37,normal_approximation
primary,clean_dynamic_communication_topologies,small_world,dynamic,trimmed_mean,trimmed_mean,no_attack,0.0,none,,1.0,max_honest_regret,100,876.4734999999948,170.122004267854,17.0122004267854,843.1301998657185,909.8168001342711,470.25,999.05,normal_approximation
primary,clean_dynamic_communication_topologies,small_world,dynamic,trimmed_mean,trimmed_mean,no_attack,0.0,none,,1.0,best_arm_identification_rate,100,0.73,0.150996688705415,0.0150996688705415,0.700405192835258,0.7595948071647419,0.24,0.96,normal_approximation
primary,clean_dynamic_communication_topologies,small_world,dynamic,trimmed_mean,trimmed_mean,no_attack,0.0,none,,1.0,messages_sent,100,200000.0,0.0,0.0,200000.0,200000.0,200000.0,200000.0,normal_approximation
primary,clean_dynamic_communication_topologies,small_world,dynamic,trimmed_mean,trimmed_mean,no_attack,0.0,none,,1.0,scalar_values_sent,100,2000000.0,0.0,0.0,2000000.0,2000000.0,2000000.0,2000000.0,normal_approximation
primary,clean_static_all_topologies,complete,static,centralized_clean_reference,mean,no_attack,0.0,none,,1.0,mean_per_agent_regret,100,14.702499999999992,1.6283686916541946,0.16283686916541945,14.383345601080508,15.021654398919475,10.449999999999994,18.85,normal_approximation
primary,clean_static_all_topologies,complete,static,centralized_clean_reference,mean,no_attack,0.0,none,,1.0,total_population_regret,100,367.5624999999998,40.70921729135487,4.0709217291354864,359.5836400270127,375.54135997298687,261.24999999999983,471.25000000000006,normal_approximation
primary,clean_static_all_topologies,complete,static,centralized_clean_reference,mean,no_attack,0.0,none,,1.0,median_honest_regret,100,14.702499999999993,1.6283686916541946,0.16283686916541945,14.38334560108051,15.021654398919477,10.449999999999994,18.85,normal_approximation
primary,clean_static_all_topologies,complete,static,centralized_clean_reference,mean,no_attack,0.0,none,,1.0,worst_decile_honest_regret,100,14.702499999999993,1.6283686916541946,0.16283686916541945,14.38334560108051,15.021654398919477,10.449999999999994,18.85,normal_approximation
primary,clean_static_all_topologies,complete,static,centralized_clean_reference,mean,no_attack,0.0,none,,1.0,max_honest_regret,100,14.702499999999993,1.6283686916541946,0.16283686916541945,14.38334560108051,15.021654398919477,10.449999999999994,18.85,normal_approximation
primary,clean_static_all_topologies,complete,static,centralized_clean_reference,mean,no_attack,0.0,none,,1.0,best_arm_identification_rate,100,1.0,0.0,0.0,1.0,1.0,1.0,1.0,normal_approximation
primary,clean_static_all_topologies,complete,static,centralized_clean_reference,mean,no_attack,0.0,none,,1.0,messages_sent,100,0.0,0.0,0.0,0.0,0.0,0.0,0.0,normal_approximation
primary,clean_static_all_topologies,complete,static,centralized_clean_reference,mean,no_attack,0.0,none,,1.0,scalar_values_sent,100,0.0,0.0,0.0,0.0,0.0,0.0,0.0,normal_approximation
primary,clean_static_all_topologies,complete,static,independent,mean,no_attack,0.0,none,,1.0,mean_per_agent_regret,100,114.73117999999968,2.6061470937657036,0.2606147093765704,114.22038455578023,115.24197544421914,107.50199999999975,121.18799999999978,normal_approximation
primary,clean_static_all_topologies,complete,static,independent,mean,no_attack,0.0,none,,1.0,total_population_regret,100,2868.279499999992,65.15367734414257,6.515367734414257,2855.5096138945055,2881.0493861054783,2687.549999999994,3029.6999999999944,normal_approximation
primary,clean_static_all_topologies,complete,static,independent,mean,no_attack,0.0,none,,1.0,median_honest_regret,100,114.50399999999965,3.301122245662579,0.3301122245662579,113.85699192899338,115.15100807100592,106.6999999999995,123.14999999999942,normal_approximation
primary,clean_static_all_topologies,complete,static,independent,mean,no_attack,0.0,none,,1.0,worst_decile_honest_regret,100,131.38469999999953,4.253231084312843,0.42532310843128435,130.55108202568158,132.21831797431747,119.71999999999974,141.51999999999876,normal_approximation
primary,clean_static_all_topologies,complete,static,independent,mean,no_attack,0.0,none,,1.0,max_honest_regret,100,142.21849999999952,7.038647478978717,0.7038647478978717,140.83895044413234,143.5980495558667,130.59999999999928,169.64999999999984,normal_approximation
primary,clean_static_all_topologies,complete,static,independent,mean,no_attack,0.0,none,,1.0,best_arm_identification_rate,100,1.0,0.0,0.0,1.0,1.0,1.0,1.0,normal_approximation
primary,clean_static_all_topologies,complete,static,independent,mean,no_attack,0.0,none,,1.0,messages_sent,100,0.0,0.0,0.0,0.0,0.0,0.0,0.0,normal_approximation
primary,clean_static_all_topologies,complete,static,independent,mean,no_attack,0.0,none,,1.0,scalar_values_sent,100,0.0,0.0,0.0,0.0,0.0,0.0,0.0,normal_approximation
primary,clean_static_all_topologies,complete,static,mean,mean,no_attack,0.0,none,,1.0,mean_per_agent_regret,100,10.876979999999994,1.418123201184357,0.1418123201184357,10.599032960003795,11.154927039996194,7.917999999999998,15.003999999999992,normal_approximation
primary,clean_static_all_topologies,complete,static,mean,mean,no_attack,0.0,none,,1.0,total_population_regret,100,271.92449999999985,35.45308002960893,3.5453080029608928,264.97582400009486,278.87317599990484,197.94999999999996,375.0999999999998,normal_approximation
primary,clean_static_all_topologies,complete,static,mean,mean,no_attack,0.0,none,,1.0,median_honest_regret,100,10.861999999999993,1.4181564359292917,0.14181564359292917,10.584046446113483,11.139953553886503,7.949999999999998,14.999999999999991,normal_approximation
primary,clean_static_all_topologies,complete,static,mean,mean,no_attack,0.0,none,,1.0,worst_decile_honest_regret,100,11.208799999999995,1.4224593015782416,0.14224593015782416,10.93000309994326,11.48759690005673,8.25,15.35999999999999,normal_approximation
primary,clean_static_all_topologies,complete,static,mean,mean,no_attack,0.0,none,,1.0,max_honest_regret,100,11.351999999999993,1.4361656301317447,0.14361656301317446,11.070516708910745,11.633483291089242,8.45,15.39999999999999,normal_approximation
primary,clean_static_all_topologies,complete,static,mean,mean,no_attack,0.0,none,,1.0,best_arm_identification_rate,100,1.0,0.0,0.0,1.0,1.0,1.0,1.0,normal_approximation
primary,clean_static_all_topologies,complete,static,mean,mean,no_attack,0.0,none,,1.0,messages_sent,100,1200000.0,0.0,0.0,1200000.0,1200000.0,1200000.0,1200000.0,normal_approximation
primary,clean_static_all_topologies,complete,static,mean,mean,no_attack,0.0,none,,1.0,scalar_values_sent,100,12000000.0,0.0,0.0,12000000.0,12000000.0,12000000.0,12000000.0,normal_approximation
primary,clean_static_all_topologies,complete,static,median,median,no_attack,0.0,none,,1.0,mean_per_agent_regret,100,14.433279999999568,48.031465374919186,4.8031465374919184,5.019285774047143,23.847274225951992,0.706,202.54199999999275,normal_approximation
primary,clean_static_all_topologies,complete,static,median,median,no_attack,0.0,none,,1.0,total_population_regret,100,360.8319999999892,1200.7866343729795,120.07866343729795,125.48214435117862,596.1818556487998,17.65,5063.549999999819,normal_approximation
primary,clean_static_all_topologies,complete,static,median,median,no_attack,0.0,none,,1.0,median_honest_regret,100,14.410499999999569,48.03161695196239,4.8031616951962395,4.996476065492587,23.82452393450655,0.75,202.4499999999928,normal_approximation
primary,clean_static_all_topologies,complete,static,median,median,no_attack,0.0,none,,1.0,worst_decile_honest_regret,100,14.716499999999568,48.02621309443164,4.802621309443164,5.303535202106373,24.129464797892766,0.8800000000000001,202.84999999999278,normal_approximation
primary,clean_static_all_topologies,complete,static,median,median,no_attack,0.0,none,,1.0,max_honest_regret,100,14.816499999999566,48.032368113762615,4.803236811376261,5.402328840485085,24.230671159514046,1.1,202.89999999999276,normal_approximation
primary,clean_static_all_topologies,complete,static,median,median,no_attack,0.0,none,,1.0,best_arm_identification_rate,100,0.94,0.23868325657594203,0.023868325657594204,0.893218941339842,0.9867810586601579,0.0,1.0,normal_approximation
primary,clean_static_all_topologies,complete,static,median,median,no_attack,0.0,none,,1.0,messages_sent,100,1200000.0,0.0,0.0,1200000.0,1200000.0,1200000.0,1200000.0,normal_approximation
primary,clean_static_all_topologies,complete,static,median,median,no_attack,0.0,none,,1.0,scalar_values_sent,100,12000000.0,0.0,0.0,12000000.0,12000000.0,12000000.0,12000000.0,normal_approximation
primary,clean_static_all_topologies,complete,static,trimmed_mean,trimmed_mean,no_attack,0.0,none,,1.0,mean_per_agent_regret,100,11.420539999999644,43.65930246193695,4.365930246193695,2.86347395844591,19.97760604155338,0.7239999999999999,200.83999999999287,normal_approximation
primary,clean_static_all_topologies,complete,static,trimmed_mean,trimmed_mean,no_attack,0.0,none,,1.0,total_population_regret,100,285.5134999999911,1091.4825615484237,109.14825615484237,71.58684896114775,499.4401510388344,18.099999999999998,5020.999999999822,normal_approximation
primary,clean_static_all_topologies,complete,static,trimmed_mean,trimmed_mean,no_attack,0.0,none,,1.0,median_honest_regret,100,11.393499999999644,43.660995268410296,4.36609952684103,2.8361021744738544,19.950897825525434,0.7,200.94999999999285,normal_approximation
primary,clean_static_all_topologies,complete,static,trimmed_mean,trimmed_mean,no_attack,0.0,none,,1.0,worst_decile_honest_regret,100,11.689399999999644,43.65959107189988,4.365959107189989,3.1322773919326163,20.24652260806667,0.9600000000000002,201.14999999999284,normal_approximation
primary,clean_static_all_topologies,complete,static,trimmed_mean,trimmed_mean,no_attack,0.0,none,,1.0,max_honest_regret,100,11.732499999999643,43.65892388848897,4.365892388848897,3.175508157478264,20.289491842521024,1.1,201.14999999999284,normal_approximation
primary,clean_static_all_topologies,complete,static,trimmed_mean,trimmed_mean,no_attack,0.0,none,,1.0,best_arm_identification_rate,100,0.95,0.2190429135575903,0.021904291355759033,0.9070683778358403,0.9929316221641596,0.0,1.0,normal_approximation
primary,clean_static_all_topologies,complete,static,trimmed_mean,trimmed_mean,no_attack,0.0,none,,1.0,messages_sent,100,1200000.0,0.0,0.0,1200000.0,1200000.0,1200000.0,1200000.0,normal_approximation
primary,clean_static_all_topologies,complete,static,trimmed_mean,trimmed_mean,no_attack,0.0,none,,1.0,scalar_values_sent,100,12000000.0,0.0,0.0,12000000.0,12000000.0,12000000.0,12000000.0,normal_approximation
primary,clean_static_all_topologies,ring,static,centralized_clean_reference,mean,no_attack,0.0,none,,1.0,mean_per_agent_regret,100,14.702499999999992,1.6283686916541946,0.16283686916541945,14.383345601080508,15.021654398919475,10.449999999999994,18.85,normal_approximation
primary,clean_static_all_topologies,ring,static,centralized_clean_reference,mean,no_attack,0.0,none,,1.0,total_population_regret,100,367.5624999999998,40.70921729135487,4.0709217291354864,359.5836400270127,375.54135997298687,261.24999999999983,471.25000000000006,normal_approximation
primary,clean_static_all_topologies,ring,static,centralized_clean_reference,mean,no_attack,0.0,none,,1.0,median_honest_regret,100,14.702499999999993,1.6283686916541946,0.16283686916541945,14.38334560108051,15.021654398919477,10.449999999999994,18.85,normal_approximation
primary,clean_static_all_topologies,ring,static,centralized_clean_reference,mean,no_attack,0.0,none,,1.0,worst_decile_honest_regret,100,14.702499999999993,1.6283686916541946,0.16283686916541945,14.38334560108051,15.021654398919477,10.449999999999994,18.85,normal_approximation
primary,clean_static_all_topologies,ring,static,centralized_clean_reference,mean,no_attack,0.0,none,,1.0,max_honest_regret,100,14.702499999999993,1.6283686916541946,0.16283686916541945,14.38334560108051,15.021654398919477,10.449999999999994,18.85,normal_approximation
primary,clean_static_all_topologies,ring,static,centralized_clean_reference,mean,no_attack,0.0,none,,1.0,best_arm_identification_rate,100,1.0,0.0,0.0,1.0,1.0,1.0,1.0,normal_approximation
primary,clean_static_all_topologies,ring,static,centralized_clean_reference,mean,no_attack,0.0,none,,1.0,messages_sent,100,0.0,0.0,0.0,0.0,0.0,0.0,0.0,normal_approximation
primary,clean_static_all_topologies,ring,static,centralized_clean_reference,mean,no_attack,0.0,none,,1.0,scalar_values_sent,100,0.0,0.0,0.0,0.0,0.0,0.0,0.0,normal_approximation
primary,clean_static_all_topologies,ring,static,independent,mean,no_attack,0.0,none,,1.0,mean_per_agent_regret,100,114.73117999999968,2.6061470937657036,0.2606147093765704,114.22038455578023,115.24197544421914,107.50199999999975,121.18799999999978,normal_approximation
primary,clean_static_all_topologies,ring,static,independent,mean,no_attack,0.0,none,,1.0,total_population_regret,100,2868.279499999992,65.15367734414257,6.515367734414257,2855.5096138945055,2881.0493861054783,2687.549999999994,3029.6999999999944,normal_approximation
primary,clean_static_all_topologies,ring,static,independent,mean,no_attack,0.0,none,,1.0,median_honest_regret,100,114.50399999999965,3.301122245662579,0.3301122245662579,113.85699192899338,115.15100807100592,106.6999999999995,123.14999999999942,normal_approximation
primary,clean_static_all_topologies,ring,static,independent,mean,no_attack,0.0,none,,1.0,worst_decile_honest_regret,100,131.38469999999953,4.253231084312843,0.42532310843128435,130.55108202568158,132.21831797431747,119.71999999999974,141.51999999999876,normal_approximation
primary,clean_static_all_topologies,ring,static,independent,mean,no_attack,0.0,none,,1.0,max_honest_regret,100,142.21849999999952,7.038647478978717,0.7038647478978717,140.83895044413234,143.5980495558667,130.59999999999928,169.64999999999984,normal_approximation
primary,clean_static_all_topologies,ring,static,independent,mean,no_attack,0.0,none,,1.0,best_arm_identification_rate,100,1.0,0.0,0.0,1.0,1.0,1.0,1.0,normal_approximation
primary,clean_static_all_topologies,ring,static,independent,mean,no_attack,0.0,none,,1.0,messages_sent,100,0.0,0.0,0.0,0.0,0.0,0.0,0.0,normal_approximation
primary,clean_static_all_topologies,ring,static,independent,mean,no_attack,0.0,none,,1.0,scalar_values_sent,100,0.0,0.0,0.0,0.0,0.0,0.0,0.0,normal_approximation
primary,clean_static_all_topologies,ring,static,mean,mean,no_attack,0.0,none,,1.0,mean_per_agent_regret,100,78.42217999999968,3.44073929212361,0.344073929212361,77.74780749072427,79.0965525092751,69.25799999999987,86.57599999999938,normal_approximation
primary,clean_static_all_topologies,ring,static,mean,mean,no_attack,0.0,none,,1.0,total_population_regret,100,1960.554499999992,86.01848230309027,8.601848230309027,1943.6951872681068,1977.4138127318772,1731.4499999999966,2164.3999999999846,normal_approximation
primary,clean_static_all_topologies,ring,static,mean,mean,no_attack,0.0,none,,1.0,median_honest_regret,100,72.693,8.65270734767128,0.865270734767128,70.99710052297992,74.38889947702008,55.450000000000045,90.30000000000044,normal_approximation
primary,clean_static_all_topologies,ring,static,mean,mean,no_attack,0.0,none,,1.0,worst_decile_honest_regret,100,144.11429999999905,15.954567393607627,1.5954567393607628,140.98726225196023,147.24133774803786,106.7499999999983,174.75000000000045,normal_approximation
primary,clean_static_all_topologies,ring,static,mean,mean,no_attack,0.0,none,,1.0,max_honest_regret,100,173.63099999999872,21.0198953134857,2.10198953134857,169.5111762226753,177.75082377732215,113.89999999999831,227.24999999999878,normal_approximation
primary,clean_static_all_topologies,ring,static,mean,mean,no_attack,0.0,none,,1.0,best_arm_identification_rate,100,1.0,0.0,0.0,1.0,1.0,1.0,1.0,normal_approximation
primary,clean_static_all_topologies,ring,static,mean,mean,no_attack,0.0,none,,1.0,messages_sent,100,100000.0,0.0,0.0,100000.0,100000.0,100000.0,100000.0,normal_approximation
primary,clean_static_all_topologies,ring,static,mean,mean,no_attack,0.0,none,,1.0,scalar_values_sent,100,1000000.0,0.0,0.0,1000000.0,1000000.0,1000000.0,1000000.0,normal_approximation
primary,clean_static_all_topologies,ring,static,median,median,no_attack,0.0,none,,1.0,mean_per_agent_regret,100,388.79913999999405,88.99085578322364,8.899085578322364,371.35725277114244,406.24102722884567,172.3899999999981,613.2379999999883,normal_approximation
primary,clean_static_all_topologies,ring,static,median,median,no_attack,0.0,none,,1.0,total_population_regret,100,9719.97849999985,2224.771394580591,222.47713945805907,9283.93131927856,10156.02568072114,4309.749999999953,15330.94999999971,normal_approximation
primary,clean_static_all_topologies,ring,static,median,median,no_attack,0.0,none,,1.0,median_honest_regret,100,246.29099999999644,131.71053380865692,13.171053380865692,220.4762097350452,272.1057902649477,2.4999999999999996,780.0999999999727,normal_approximation
primary,clean_static_all_topologies,ring,static,median,median,no_attack,0.0,none,,1.0,worst_decile_honest_regret,100,917.0826999999911,107.19777673572649,10.719777673572649,896.072321837512,938.0930781624701,398.72000000000224,998.94,normal_approximation
primary,clean_static_all_topologies,ring,static,median,median,no_attack,0.0,none,,1.0,max_honest_regret,100,997.8515,1.7942311456555406,0.17942311456555407,997.4998371574575,998.2031628425425,989.65,999.65,normal_approximation
primary,clean_static_all_topologies,ring,static,median,median,no_attack,0.0,none,,1.0,best_arm_identification_rate,100,0.59,0.12615526748872405,0.012615526748872405,0.5652740219262083,0.6147259780737916,0.28,0.84,normal_approximation
primary,clean_static_all_topologies,ring,static,median,median,no_attack,0.0,none,,1.0,messages_sent,100,100000.0,0.0,0.0,100000.0,100000.0,100000.0,100000.0,normal_approximation
primary,clean_static_all_topologies,ring,static,median,median,no_attack,0.0,none,,1.0,scalar_values_sent,100,1000000.0,0.0,0.0,1000000.0,1000000.0,1000000.0,1000000.0,normal_approximation
primary,clean_static_all_topologies,ring,static,trimmed_mean,trimmed_mean,no_attack,0.0,none,,1.0,mean_per_agent_regret,100,211.3834199999962,62.6638335312466,6.26638335312466,199.10153431455052,223.66530568544187,78.81999999999861,338.2839999999908,normal_approximation
primary,clean_static_all_topologies,ring,static,trimmed_mean,trimmed_mean,no_attack,0.0,none,,1.0,total_population_regret,100,5284.585499999905,1566.5958382811652,156.65958382811652,4977.538357863763,5591.632642136046,1970.4999999999652,8457.09999999977,normal_approximation
primary,clean_static_all_topologies,ring,static,trimmed_mean,trimmed_mean,no_attack,0.0,none,,1.0,median_honest_regret,100,145.15349999999552,98.62368362860035,9.862368362860035,125.8236132065226,164.48338679346844,0.85,300.10000000000014,normal_approximation
primary,clean_static_all_topologies,ring,static,trimmed_mean,trimmed_mean,no_attack,0.0,none,,1.0,worst_decile_honest_regret,100,534.0864999999894,249.80111154685926,24.980111154685925,485.12638180699776,583.0466181929811,200.6599999999929,998.1700000000001,normal_approximation
primary,clean_static_all_topologies,ring,static,trimmed_mean,trimmed_mean,no_attack,0.0,none,,1.0,max_honest_regret,100,914.5529999999912,141.82669692483185,14.182669692483184,886.7554781980964,942.3505218018861,300.6000000000001,999.65,normal_approximation
primary,clean_static_all_topologies,ring,static,trimmed_mean,trimmed_mean,no_attack,0.0,none,,1.0,best_arm_identification_rate,100,0.5192,0.13417672651914692,0.013417672651914691,0.49290184484589916,0.5454981551541008,0.28,0.8,normal_approximation
primary,clean_static_all_topologies,ring,static,trimmed_mean,trimmed_mean,no_attack,0.0,none,,1.0,messages_sent,100,100000.0,0.0,0.0,100000.0,100000.0,100000.0,100000.0,normal_approximation
primary,clean_static_all_topologies,ring,static,trimmed_mean,trimmed_mean,no_attack,0.0,none,,1.0,scalar_values_sent,100,1000000.0,0.0,0.0,1000000.0,1000000.0,1000000.0,1000000.0,normal_approximation
primary,clean_static_all_topologies,scale_free,static,centralized_clean_reference,mean,no_attack,0.0,none,,1.0,mean_per_agent_regret,100,14.702499999999992,1.6283686916541946,0.16283686916541945,14.383345601080508,15.021654398919475,10.449999999999994,18.85,normal_approximation
primary,clean_static_all_topologies,scale_free,static,centralized_clean_reference,mean,no_attack,0.0,none,,1.0,total_population_regret,100,367.5624999999998,40.70921729135487,4.0709217291354864,359.5836400270127,375.54135997298687,261.24999999999983,471.25000000000006,normal_approximation
primary,clean_static_all_topologies,scale_free,static,centralized_clean_reference,mean,no_attack,0.0,none,,1.0,median_honest_regret,100,14.702499999999993,1.6283686916541946,0.16283686916541945,14.38334560108051,15.021654398919477,10.449999999999994,18.85,normal_approximation
primary,clean_static_all_topologies,scale_free,static,centralized_clean_reference,mean,no_attack,0.0,none,,1.0,worst_decile_honest_regret,100,14.702499999999993,1.6283686916541946,0.16283686916541945,14.38334560108051,15.021654398919477,10.449999999999994,18.85,normal_approximation
primary,clean_static_all_topologies,scale_free,static,centralized_clean_reference,mean,no_attack,0.0,none,,1.0,max_honest_regret,100,14.702499999999993,1.6283686916541946,0.16283686916541945,14.38334560108051,15.021654398919477,10.449999999999994,18.85,normal_approximation
primary,clean_static_all_topologies,scale_free,static,centralized_clean_reference,mean,no_attack,0.0,none,,1.0,best_arm_identification_rate,100,1.0,0.0,0.0,1.0,1.0,1.0,1.0,normal_approximation
primary,clean_static_all_topologies,scale_free,static,centralized_clean_reference,mean,no_attack,0.0,none,,1.0,messages_sent,100,0.0,0.0,0.0,0.0,0.0,0.0,0.0,normal_approximation
primary,clean_static_all_topologies,scale_free,static,centralized_clean_reference,mean,no_attack,0.0,none,,1.0,scalar_values_sent,100,0.0,0.0,0.0,0.0,0.0,0.0,0.0,normal_approximation
primary,clean_static_all_topologies,scale_free,static,independent,mean,no_attack,0.0,none,,1.0,mean_per_agent_regret,100,114.73117999999968,2.6061470937657036,0.2606147093765704,114.22038455578023,115.24197544421914,107.50199999999975,121.18799999999978,normal_approximation
primary,clean_static_all_topologies,scale_free,static,independent,mean,no_attack,0.0,none,,1.0,total_population_regret,100,2868.279499999992,65.15367734414257,6.515367734414257,2855.5096138945055,2881.0493861054783,2687.549999999994,3029.6999999999944,normal_approximation
primary,clean_static_all_topologies,scale_free,static,independent,mean,no_attack,0.0,none,,1.0,median_honest_regret,100,114.50399999999965,3.301122245662579,0.3301122245662579,113.85699192899338,115.15100807100592,106.6999999999995,123.14999999999942,normal_approximation
primary,clean_static_all_topologies,scale_free,static,independent,mean,no_attack,0.0,none,,1.0,worst_decile_honest_regret,100,131.38469999999953,4.253231084312843,0.42532310843128435,130.55108202568158,132.21831797431747,119.71999999999974,141.51999999999876,normal_approximation
primary,clean_static_all_topologies,scale_free,static,independent,mean,no_attack,0.0,none,,1.0,max_honest_regret,100,142.21849999999952,7.038647478978717,0.7038647478978717,140.83895044413234,143.5980495558667,130.59999999999928,169.64999999999984,normal_approximation
primary,clean_static_all_topologies,scale_free,static,independent,mean,no_attack,0.0,none,,1.0,best_arm_identification_rate,100,1.0,0.0,0.0,1.0,1.0,1.0,1.0,normal_approximation
primary,clean_static_all_topologies,scale_free,static,independent,mean,no_attack,0.0,none,,1.0,messages_sent,100,0.0,0.0,0.0,0.0,0.0,0.0,0.0,normal_approximation
primary,clean_static_all_topologies,scale_free,static,independent,mean,no_attack,0.0,none,,1.0,scalar_values_sent,100,0.0,0.0,0.0,0.0,0.0,0.0,0.0,normal_approximation
primary,clean_static_all_topologies,scale_free,static,mean,mean,no_attack,0.0,none,,1.0,mean_per_agent_regret,100,80.14277999999965,8.08814333063949,0.808814333063949,78.55753303701452,81.72802696298477,64.07399999999978,109.11599999999929,normal_approximation
primary,clean_static_all_topologies,scale_free,static,mean,mean,no_attack,0.0,none,,1.0,total_population_regret,100,2003.5694999999912,202.20358326598725,20.220358326598724,1963.9383259253632,2043.2006740746192,1601.8499999999945,2727.8999999999824,normal_approximation
primary,clean_static_all_topologies,scale_free,static,mean,mean,no_attack,0.0,none,,1.0,median_honest_regret,100,81.377,13.76786519839621,1.376786519839621,78.6785480067141,84.0754519932859,43.79999999999989,140.44999999999945,normal_approximation
primary,clean_static_all_topologies,scale_free,static,mean,mean,no_attack,0.0,none,,1.0,worst_decile_honest_regret,100,141.09699999999907,19.976205972368632,1.9976205972368632,137.18173557463942,145.01226442535872,100.41999999999939,187.95999999999802,normal_approximation
primary,clean_static_all_topologies,scale_free,static,mean,mean,no_attack,0.0,none,,1.0,max_honest_regret,100,170.88999999999868,24.228756184802794,2.4228756184802793,166.1412510487571,175.63874895124025,111.74999999999798,235.29999999999836,normal_approximation
primary,clean_static_all_topologies,scale_free,static,mean,mean,no_attack,0.0,none,,1.0,best_arm_identification_rate,100,1.0,0.0,0.0,1.0,1.0,1.0,1.0,normal_approximation
primary,clean_static_all_topologies,scale_free,static,mean,mean,no_attack,0.0,none,,1.0,messages_sent,100,184000.0,0.0,0.0,184000.0,184000.0,184000.0,184000.0,normal_approximation
primary,clean_static_all_topologies,scale_free,static,mean,mean,no_attack,0.0,none,,1.0,scalar_values_sent,100,1840000.0,0.0,0.0,1840000.0,1840000.0,1840000.0,1840000.0,normal_approximation
primary,clean_static_all_topologies,scale_free,static,median,median,no_attack,0.0,none,,1.0,mean_per_agent_regret,100,437.655479999994,102.69416585815593,10.269416585815593,417.52779334955716,457.7831666504308,178.9619999999951,711.6519999999916,normal_approximation
primary,clean_static_all_topologies,scale_free,static,median,median,no_attack,0.0,none,,1.0,total_population_regret,100,10941.386999999848,2567.3541464538985,256.7354146453898,10438.194833738926,11444.57916626077,4474.049999999877,17791.299999999792,normal_approximation
primary,clean_static_all_topologies,scale_free,static,median,median,no_attack,0.0,none,,1.0,median_honest_regret,100,351.35649999999333,209.8745080375092,20.98745080375092,310.2218522973353,392.49114770265135,6.1000000000000005,799.3999999999717,normal_approximation
primary,clean_static_all_topologies,scale_free,static,median,median,no_attack,0.0,none,,1.0,worst_decile_honest_regret,100,942.6476999999941,85.77684873849469,8.577684873849469,925.8357465765151,959.459653423473,618.3299999999815,999.38,normal_approximation
primary,clean_static_all_topologies,scale_free,static,median,median,no_attack,0.0,none,,1.0,max_honest_regret,100,994.1094999999993,27.96092664665491,2.7960926646654913,988.6292590798183,999.5897409201804,799.3999999999717,1000.0,normal_approximation
primary,clean_static_all_topologies,scale_free,static,median,median,no_attack,0.0,none,,1.0,best_arm_identification_rate,100,0.672,0.1802355361321637,0.01802355361321637,0.6366744840446692,0.7073255159553309,0.2,0.96,normal_approximation
primary,clean_static_all_topologies,scale_free,static,median,median,no_attack,0.0,none,,1.0,messages_sent,100,184000.0,0.0,0.0,184000.0,184000.0,184000.0,184000.0,normal_approximation
primary,clean_static_all_topologies,scale_free,static,median,median,no_attack,0.0,none,,1.0,scalar_values_sent,100,1840000.0,0.0,0.0,1840000.0,1840000.0,1840000.0,1840000.0,normal_approximation
primary,clean_static_all_topologies,scale_free,static,trimmed_mean,trimmed_mean,no_attack,0.0,none,,1.0,mean_per_agent_regret,100,280.27815999999535,60.87219032832622,6.087219032832622,268.3474299296367,292.208890070354,120.78199999999748,445.69799999999236,normal_approximation
primary,clean_static_all_topologies,scale_free,static,trimmed_mean,trimmed_mean,no_attack,0.0,none,,1.0,total_population_regret,100,7006.953999999882,1521.8047582081556,152.18047582081556,6708.685748240915,7305.22225175885,3019.549999999937,11142.44999999981,normal_approximation
primary,clean_static_all_topologies,scale_free,static,trimmed_mean,trimmed_mean,no_attack,0.0,none,,1.0,median_honest_regret,100,195.4659999999954,76.49261563356706,7.649261563356705,180.47372282748972,210.45827717250108,1.4,300.4000000000001,normal_approximation
primary,clean_static_all_topologies,scale_free,static,trimmed_mean,trimmed_mean,no_attack,0.0,none,,1.0,worst_decile_honest_regret,100,778.6703999999836,166.81332002334997,16.681332002334997,745.9755900612515,811.3652099387157,260.77999999999736,996.47,normal_approximation
primary,clean_static_all_topologies,scale_free,static,trimmed_mean,trimmed_mean,no_attack,0.0,none,,1.0,max_honest_regret,100,973.7944999999969,62.093065901772846,6.209306590177285,961.6244827142822,985.9645172857116,796.2499999999719,1000.0,normal_approximation
primary,clean_static_all_topologies,scale_free,static,trimmed_mean,trimmed_mean,no_attack,0.0,none,,1.0,best_arm_identification_rate,100,0.5976,0.1627858480434719,0.016278584804347192,0.5656945600641985,0.6295054399358015,0.12,0.92,normal_approximation
primary,clean_static_all_topologies,scale_free,static,trimmed_mean,trimmed_mean,no_attack,0.0,none,,1.0,messages_sent,100,184000.0,0.0,0.0,184000.0,184000.0,184000.0,184000.0,normal_approximation
primary,clean_static_all_topologies,scale_free,static,trimmed_mean,trimmed_mean,no_attack,0.0,none,,1.0,scalar_values_sent,100,1840000.0,0.0,0.0,1840000.0,1840000.0,1840000.0,1840000.0,normal_approximation
primary,clean_static_all_topologies,small_world,static,centralized_clean_reference,mean,no_attack,0.0,none,,1.0,mean_per_agent_regret,100,14.702499999999992,1.6283686916541946,0.16283686916541945,14.383345601080508,15.021654398919475,10.449999999999994,18.85,normal_approximation
primary,clean_static_all_topologies,small_world,static,centralized_clean_reference,mean,no_attack,0.0,none,,1.0,total_population_regret,100,367.5624999999998,40.70921729135487,4.0709217291354864,359.5836400270127,375.54135997298687,261.24999999999983,471.25000000000006,normal_approximation
primary,clean_static_all_topologies,small_world,static,centralized_clean_reference,mean,no_attack,0.0,none,,1.0,median_honest_regret,100,14.702499999999993,1.6283686916541946,0.16283686916541945,14.38334560108051,15.021654398919477,10.449999999999994,18.85,normal_approximation
primary,clean_static_all_topologies,small_world,static,centralized_clean_reference,mean,no_attack,0.0,none,,1.0,worst_decile_honest_regret,100,14.702499999999993,1.6283686916541946,0.16283686916541945,14.38334560108051,15.021654398919477,10.449999999999994,18.85,normal_approximation
primary,clean_static_all_topologies,small_world,static,centralized_clean_reference,mean,no_attack,0.0,none,,1.0,max_honest_regret,100,14.702499999999993,1.6283686916541946,0.16283686916541945,14.38334560108051,15.021654398919477,10.449999999999994,18.85,normal_approximation
primary,clean_static_all_topologies,small_world,static,centralized_clean_reference,mean,no_attack,0.0,none,,1.0,best_arm_identification_rate,100,1.0,0.0,0.0,1.0,1.0,1.0,1.0,normal_approximation
primary,clean_static_all_topologies,small_world,static,centralized_clean_reference,mean,no_attack,0.0,none,,1.0,messages_sent,100,0.0,0.0,0.0,0.0,0.0,0.0,0.0,normal_approximation
primary,clean_static_all_topologies,small_world,static,centralized_clean_reference,mean,no_attack,0.0,none,,1.0,scalar_values_sent,100,0.0,0.0,0.0,0.0,0.0,0.0,0.0,normal_approximation
primary,clean_static_all_topologies,small_world,static,independent,mean,no_attack,0.0,none,,1.0,mean_per_agent_regret,100,114.73117999999968,2.6061470937657036,0.2606147093765704,114.22038455578023,115.24197544421914,107.50199999999975,121.18799999999978,normal_approximation
primary,clean_static_all_topologies,small_world,static,independent,mean,no_attack,0.0,none,,1.0,total_population_regret,100,2868.279499999992,65.15367734414257,6.515367734414257,2855.5096138945055,2881.0493861054783,2687.549999999994,3029.6999999999944,normal_approximation
primary,clean_static_all_topologies,small_world,static,independent,mean,no_attack,0.0,none,,1.0,median_honest_regret,100,114.50399999999965,3.301122245662579,0.3301122245662579,113.85699192899338,115.15100807100592,106.6999999999995,123.14999999999942,normal_approximation
primary,clean_static_all_topologies,small_world,static,independent,mean,no_attack,0.0,none,,1.0,worst_decile_honest_regret,100,131.38469999999953,4.253231084312843,0.42532310843128435,130.55108202568158,132.21831797431747,119.71999999999974,141.51999999999876,normal_approximation
primary,clean_static_all_topologies,small_world,static,independent,mean,no_attack,0.0,none,,1.0,max_honest_regret,100,142.21849999999952,7.038647478978717,0.7038647478978717,140.83895044413234,143.5980495558667,130.59999999999928,169.64999999999984,normal_approximation
primary,clean_static_all_topologies,small_world,static,independent,mean,no_attack,0.0,none,,1.0,best_arm_identification_rate,100,1.0,0.0,0.0,1.0,1.0,1.0,1.0,normal_approximation
primary,clean_static_all_topologies,small_world,static,independent,mean,no_attack,0.0,none,,1.0,messages_sent,100,0.0,0.0,0.0,0.0,0.0,0.0,0.0,normal_approximation
primary,clean_static_all_topologies,small_world,static,independent,mean,no_attack,0.0,none,,1.0,scalar_values_sent,100,0.0,0.0,0.0,0.0,0.0,0.0,0.0,normal_approximation
primary,clean_static_all_topologies,small_world,static,mean,mean,no_attack,0.0,none,,1.0,mean_per_agent_regret,100,61.50783999999982,4.069706371955966,0.40697063719559656,60.71019220833113,62.305487791668504,51.54799999999973,72.73599999999969,normal_approximation
primary,clean_static_all_topologies,small_world,static,mean,mean,no_attack,0.0,none,,1.0,total_population_regret,100,1537.6959999999954,101.74265929889913,10.174265929889913,1517.7548052082782,1557.6371947917125,1288.6999999999932,1818.3999999999924,normal_approximation
primary,clean_static_all_topologies,small_world,static,mean,mean,no_attack,0.0,none,,1.0,median_honest_regret,100,57.49249999999999,10.50531701597154,1.050531701597154,55.43349570025199,59.551504299748,28.999999999999954,82.45000000000022,normal_approximation
primary,clean_static_all_topologies,small_world,static,mean,mean,no_attack,0.0,none,,1.0,worst_decile_honest_regret,100,118.87639999999932,17.302969122218197,1.7302969122218197,115.4850803694837,122.26771963051495,78.27000000000015,177.82999999999956,normal_approximation
primary,clean_static_all_topologies,small_world,static,mean,mean,no_attack,0.0,none,,1.0,max_honest_regret,100,151.55149999999873,24.33304322678843,2.433304322678843,146.78231116412258,156.32068883587488,99.10000000000083,213.5999999999986,normal_approximation
primary,clean_static_all_topologies,small_world,static,mean,mean,no_attack,0.0,none,,1.0,best_arm_identification_rate,100,1.0,0.0,0.0,1.0,1.0,1.0,1.0,normal_approximation
primary,clean_static_all_topologies,small_world,static,mean,mean,no_attack,0.0,none,,1.0,messages_sent,100,200000.0,0.0,0.0,200000.0,200000.0,200000.0,200000.0,normal_approximation
primary,clean_static_all_topologies,small_world,static,mean,mean,no_attack,0.0,none,,1.0,scalar_values_sent,100,2000000.0,0.0,0.0,2000000.0,2000000.0,2000000.0,2000000.0,normal_approximation
primary,clean_static_all_topologies,small_world,static,median,median,no_attack,0.0,none,,1.0,mean_per_agent_regret,100,309.1259799999957,87.79273024204753,8.779273024204752,291.91892106211037,326.33303893788104,110.84999999999813,508.4739999999958,normal_approximation
primary,clean_static_all_topologies,small_world,static,median,median,no_attack,0.0,none,,1.0,total_population_regret,100,7728.149499999892,2194.818256051188,219.48182560511881,7297.973026552758,8158.325973447027,2771.249999999953,12711.849999999895,normal_approximation
primary,clean_static_all_topologies,small_world,static,median,median,no_attack,0.0,none,,1.0,median_honest_regret,100,171.6569999999973,106.8339195417182,10.683391954171821,150.71793653709557,192.59606346289905,2.3499999999999996,304.3,normal_approximation
primary,clean_static_all_topologies,small_world,static,median,median,no_attack,0.0,none,,1.0,worst_decile_honest_regret,100,831.6647999999898,189.8476648937693,18.98476648937693,794.455341425908,868.8742585740715,253.5699999999977,998.34,normal_approximation
primary,clean_static_all_topologies,small_world,static,median,median,no_attack,0.0,none,,1.0,max_honest_regret,100,980.2669999999989,56.69826134366345,5.669826134366344,969.1543449780369,991.379655021961,611.65,999.9,normal_approximation
primary,clean_static_all_topologies,small_world,static,median,median,no_attack,0.0,none,,1.0,best_arm_identification_rate,100,0.7632000000000001,0.13317323721796023,0.013317323721796023,0.737098525134819,0.7893014748651812,0.36,1.0,normal_approximation
primary,clean_static_all_topologies,small_world,static,median,median,no_attack,0.0,none,,1.0,messages_sent,100,200000.0,0.0,0.0,200000.0,200000.0,200000.0,200000.0,normal_approximation
primary,clean_static_all_topologies,small_world,static,median,median,no_attack,0.0,none,,1.0,scalar_values_sent,100,2000000.0,0.0,0.0,2000000.0,2000000.0,2000000.0,2000000.0,normal_approximation
primary,clean_static_all_topologies,small_world,static,trimmed_mean,trimmed_mean,no_attack,0.0,none,,1.0,mean_per_agent_regret,100,273.70653999999615,103.35595840514756,10.335595840514756,253.44914439382524,293.96393560616707,26.121999999999854,505.41999999999666,normal_approximation
primary,clean_static_all_topologies,small_world,static,trimmed_mean,trimmed_mean,no_attack,0.0,none,,1.0,total_population_regret,100,6842.663499999903,2583.898960128689,258.3898960128689,6336.228609845631,7349.098390154176,653.0499999999963,12635.499999999916,normal_approximation
primary,clean_static_all_topologies,small_world,static,trimmed_mean,trimmed_mean,no_attack,0.0,none,,1.0,median_honest_regret,100,145.67449999999778,110.10473124794224,11.010473124794224,124.0943692226549,167.25463077734065,2.15,305.09999999999945,normal_approximation
primary,clean_static_all_topologies,small_world,static,trimmed_mean,trimmed_mean,no_attack,0.0,none,,1.0,worst_decile_honest_regret,100,767.8419999999887,242.59531010897305,24.259531010897305,720.2941929367975,815.38980706318,32.19999999999995,998.47,normal_approximation
primary,clean_static_all_topologies,small_world,static,trimmed_mean,trimmed_mean,no_attack,0.0,none,,1.0,max_honest_regret,100,930.413999999997,181.8932036368974,18.18932036368974,894.7635871839042,966.0644128160899,203.54999999999274,999.15,normal_approximation
primary,clean_static_all_topologies,small_world,static,trimmed_mean,trimmed_mean,no_attack,0.0,none,,1.0,best_arm_identification_rate,100,0.6792,0.16788452019531797,0.016788452019531795,0.646295238685539,0.7121047613144611,0.28,1.0,normal_approximation
primary,clean_static_all_topologies,small_world,static,trimmed_mean,trimmed_mean,no_attack,0.0,none,,1.0,messages_sent,100,200000.0,0.0,0.0,200000.0,200000.0,200000.0,200000.0,normal_approximation
primary,clean_static_all_topologies,small_world,static,trimmed_mean,trimmed_mean,no_attack,0.0,none,,1.0,scalar_values_sent,100,2000000.0,0.0,0.0,2000000.0,2000000.0,2000000.0,2000000.0,normal_approximation
primary,coordinated_dynamic_random_and_degree,ring,dynamic,mean,mean,coordinated_target,0.2,degree_centrality,3,1.0,mean_per_agent_regret,100,93.20789999999988,6.411012500204466,0.6411012500204466,91.9513646395162,94.46443536048356,76.53249999999991,109.89500000000017,normal_approximation
primary,coordinated_dynamic_random_and_degree,ring,dynamic,mean,mean,coordinated_target,0.2,degree_centrality,3,1.0,total_population_regret,100,1864.1579999999976,128.2202500040893,12.822025000408932,1839.027292790324,1889.2887072096712,1530.6499999999983,2197.9000000000033,normal_approximation
primary,coordinated_dynamic_random_and_degree,ring,dynamic,mean,mean,coordinated_target,0.2,degree_centrality,3,1.0,median_honest_regret,100,90.20274999999985,14.257930583812836,1.4257930583812837,87.40824695616533,92.99725304383438,53.17500000000018,131.87500000000088,normal_approximation
primary,coordinated_dynamic_random_and_degree,ring,dynamic,mean,mean,coordinated_target,0.2,degree_centrality,3,1.0,worst_decile_honest_regret,100,165.30004999999974,20.82881574649709,2.0828815746497087,161.21767712962424,169.38242287037525,118.54999999999815,223.59999999999837,normal_approximation
primary,coordinated_dynamic_random_and_degree,ring,dynamic,mean,mean,coordinated_target,0.2,degree_centrality,3,1.0,max_honest_regret,100,227.37500000000074,40.44494605777366,4.044494605777366,219.44793623701057,235.3020637629909,154.79999999999876,386.900000000005,normal_approximation
primary,coordinated_dynamic_random_and_degree,ring,dynamic,mean,mean,coordinated_target,0.2,degree_centrality,3,1.0,best_arm_identification_rate,100,1.0,0.0,0.0,1.0,1.0,1.0,1.0,normal_approximation
primary,coordinated_dynamic_random_and_degree,ring,dynamic,mean,mean,coordinated_target,0.2,degree_centrality,3,1.0,messages_sent,100,100000.0,0.0,0.0,100000.0,100000.0,100000.0,100000.0,normal_approximation
primary,coordinated_dynamic_random_and_degree,ring,dynamic,mean,mean,coordinated_target,0.2,degree_centrality,3,1.0,scalar_values_sent,100,1000000.0,0.0,0.0,1000000.0,1000000.0,1000000.0,1000000.0,normal_approximation
primary,coordinated_dynamic_random_and_degree,ring,dynamic,mean,mean,coordinated_target,0.2,random,3,1.0,mean_per_agent_regret,100,83.09657499999972,6.525746886846454,0.6525746886846454,81.81755211295537,84.37559788704407,67.44749999999978,101.31499999999967,normal_approximation
primary,coordinated_dynamic_random_and_degree,ring,dynamic,mean,mean,coordinated_target,0.2,random,3,1.0,total_population_regret,100,1661.9314999999942,130.51493773692908,13.051493773692908,1636.3510422591073,1687.5119577408811,1348.9499999999955,2026.2999999999934,normal_approximation
primary,coordinated_dynamic_random_and_degree,ring,dynamic,mean,mean,coordinated_target,0.2,random,3,1.0,median_honest_regret,100,81.3694999999999,12.835410388783156,1.2835410388783157,78.85380579111929,83.88519420888052,47.75000000000004,118.92499999999913,normal_approximation
primary,coordinated_dynamic_random_and_degree,ring,dynamic,mean,mean,coordinated_target,0.2,random,3,1.0,worst_decile_honest_regret,100,144.49719999999937,17.770994104853614,1.7770994104853615,141.0141491585007,147.98025084149805,97.64500000000027,193.09999999999937,normal_approximation
primary,coordinated_dynamic_random_and_degree,ring,dynamic,mean,mean,coordinated_target,0.2,random,3,1.0,max_honest_regret,100,171.7424999999988,24.21709928392074,2.4217099283920738,166.99603575934728,176.48896424065035,125.65000000000045,244.10000000000008,normal_approximation
primary,coordinated_dynamic_random_and_degree,ring,dynamic,mean,mean,coordinated_target,0.2,random,3,1.0,best_arm_identification_rate,100,1.0,0.0,0.0,1.0,1.0,1.0,1.0,normal_approximation
primary,coordinated_dynamic_random_and_degree,ring,dynamic,mean,mean,coordinated_target,0.2,random,3,1.0,messages_sent,100,100000.0,0.0,0.0,100000.0,100000.0,100000.0,100000.0,normal_approximation
primary,coordinated_dynamic_random_and_degree,ring,dynamic,mean,mean,coordinated_target,0.2,random,3,1.0,scalar_values_sent,100,1000000.0,0.0,0.0,1000000.0,1000000.0,1000000.0,1000000.0,normal_approximation
primary,coordinated_dynamic_random_and_degree,ring,dynamic,median,median,coordinated_target,0.2,degree_centrality,3,1.0,mean_per_agent_regret,100,372.8467749999951,98.84417110546671,9.884417110546671,353.47367345515215,392.21987654483803,172.25749999999925,704.3249999999857,normal_approximation
primary,coordinated_dynamic_random_and_degree,ring,dynamic,median,median,coordinated_target,0.2,degree_centrality,3,1.0,total_population_regret,100,7456.935499999901,1976.8834221093343,197.68834221093343,7069.473469103043,7844.39753089676,3445.149999999985,14086.499999999714,normal_approximation
primary,coordinated_dynamic_random_and_degree,ring,dynamic,median,median,coordinated_target,0.2,degree_centrality,3,1.0,median_honest_regret,100,287.74724999999756,135.0382456063893,13.503824560638929,261.28024020759784,314.2142597923973,17.64999999999995,795.0249999999719,normal_approximation
primary,coordinated_dynamic_random_and_degree,ring,dynamic,median,median,coordinated_target,0.2,degree_centrality,3,1.0,worst_decile_honest_regret,100,829.2440999999878,147.45141576568142,14.745141576568141,800.3441535629702,858.1440464370055,482.7599999999906,997.3399999999999,normal_approximation
primary,coordinated_dynamic_random_and_degree,ring,dynamic,median,median,coordinated_target,0.2,degree_centrality,3,1.0,max_honest_regret,100,971.5009999999982,72.45286171510052,7.2452861715100525,957.3005000461524,985.701499953844,591.5000000000227,999.65,normal_approximation
primary,coordinated_dynamic_random_and_degree,ring,dynamic,median,median,coordinated_target,0.2,degree_centrality,3,1.0,best_arm_identification_rate,100,0.5945,0.15405216878405414,0.015405216878405414,0.5643063297442968,0.6246936702557032,0.2,0.85,normal_approximation
primary,coordinated_dynamic_random_and_degree,ring,dynamic,median,median,coordinated_target,0.2,degree_centrality,3,1.0,messages_sent,100,100000.0,0.0,0.0,100000.0,100000.0,100000.0,100000.0,normal_approximation
primary,coordinated_dynamic_random_and_degree,ring,dynamic,median,median,coordinated_target,0.2,degree_centrality,3,1.0,scalar_values_sent,100,1000000.0,0.0,0.0,1000000.0,1000000.0,1000000.0,1000000.0,normal_approximation
primary,coordinated_dynamic_random_and_degree,ring,dynamic,median,median,coordinated_target,0.2,random,3,1.0,mean_per_agent_regret,100,389.693449999995,89.35506782738514,8.935506782738514,372.18017852221413,407.20672147777583,178.80249999999722,589.4924999999932,normal_approximation
primary,coordinated_dynamic_random_and_degree,ring,dynamic,median,median,coordinated_target,0.2,random,3,1.0,total_population_regret,100,7793.868999999901,1787.1013565477028,178.71013565477028,7443.603570444284,8144.134429555517,3576.0499999999447,11789.849999999864,normal_approximation
primary,coordinated_dynamic_random_and_degree,ring,dynamic,median,median,coordinated_target,0.2,random,3,1.0,median_honest_regret,100,313.6227499999974,137.50692866358403,13.750692866358403,286.6718872194631,340.5736127805317,3.9499999999999993,797.4249999999718,normal_approximation
primary,coordinated_dynamic_random_and_degree,ring,dynamic,median,median,coordinated_target,0.2,random,3,1.0,worst_decile_honest_regret,100,855.0192499999891,135.4362523633558,13.543625236335581,828.4742323166636,881.5642676833147,459.16499999999894,998.5749999999999,normal_approximation
primary,coordinated_dynamic_random_and_degree,ring,dynamic,median,median,coordinated_target,0.2,random,3,1.0,max_honest_regret,100,980.4364999999982,48.27503163692372,4.827503163692372,970.974767663908,989.8982323360884,794.149999999972,999.65,normal_approximation
primary,coordinated_dynamic_random_and_degree,ring,dynamic,median,median,coordinated_target,0.2,random,3,1.0,best_arm_identification_rate,100,0.5905,0.13902528655978488,0.013902528655978488,0.5632515445402462,0.6177484554597539,0.2,0.9,normal_approximation
primary,coordinated_dynamic_random_and_degree,ring,dynamic,median,median,coordinated_target,0.2,random,3,1.0,messages_sent,100,100000.0,0.0,0.0,100000.0,100000.0,100000.0,100000.0,normal_approximation
primary,coordinated_dynamic_random_and_degree,ring,dynamic,median,median,coordinated_target,0.2,random,3,1.0,scalar_values_sent,100,1000000.0,0.0,0.0,1000000.0,1000000.0,1000000.0,1000000.0,normal_approximation
primary,coordinated_dynamic_random_and_degree,ring,dynamic,trimmed_mean,trimmed_mean,coordinated_target,0.2,degree_centrality,3,1.0,mean_per_agent_regret,100,245.44532499999718,61.1690301135476,6.11690301135476,233.45641540081726,257.4342345991771,101.48999999999917,388.3874999999964,normal_approximation
primary,coordinated_dynamic_random_and_degree,ring,dynamic,trimmed_mean,trimmed_mean,coordinated_target,0.2,degree_centrality,3,1.0,total_population_regret,100,4908.906499999944,1223.3806022709518,122.33806022709518,4669.128308016345,5148.6846919835425,2029.7999999999834,7767.749999999928,normal_approximation
primary,coordinated_dynamic_random_and_degree,ring,dynamic,trimmed_mean,trimmed_mean,coordinated_target,0.2,degree_centrality,3,1.0,median_honest_regret,100,187.04024999999743,73.97951292085848,7.397951292085848,172.5405319081276,201.53996809186725,0.9,350.27499999999725,normal_approximation
primary,coordinated_dynamic_random_and_degree,ring,dynamic,trimmed_mean,trimmed_mean,coordinated_target,0.2,degree_centrality,3,1.0,worst_decile_honest_regret,100,565.5100499999922,139.4898889759077,13.94898889759077,538.1705341399653,592.8495658600192,249.84500000000426,996.98,normal_approximation
primary,coordinated_dynamic_random_and_degree,ring,dynamic,trimmed_mean,trimmed_mean,coordinated_target,0.2,degree_centrality,3,1.0,max_honest_regret,100,767.4414999999866,170.10944398260474,17.010944398260474,734.1006616363827,800.7823383635905,301.15,999.65,normal_approximation
primary,coordinated_dynamic_random_and_degree,ring,dynamic,trimmed_mean,trimmed_mean,coordinated_target,0.2,degree_centrality,3,1.0,best_arm_identification_rate,100,0.596,0.15996843122909904,0.015996843122909905,0.5646467636127593,0.6273532363872406,0.15,0.85,normal_approximation
primary,coordinated_dynamic_random_and_degree,ring,dynamic,trimmed_mean,trimmed_mean,coordinated_target,0.2,degree_centrality,3,1.0,messages_sent,100,100000.0,0.0,0.0,100000.0,100000.0,100000.0,100000.0,normal_approximation
primary,coordinated_dynamic_random_and_degree,ring,dynamic,trimmed_mean,trimmed_mean,coordinated_target,0.2,degree_centrality,3,1.0,scalar_values_sent,100,1000000.0,0.0,0.0,1000000.0,1000000.0,1000000.0,1000000.0,normal_approximation
primary,coordinated_dynamic_random_and_degree,ring,dynamic,trimmed_mean,trimmed_mean,coordinated_target,0.2,random,3,1.0,mean_per_agent_regret,100,257.1574749999968,59.69532340392971,5.969532340392972,245.45740660827948,268.8575433917141,126.11499999999896,394.0049999999926,normal_approximation
primary,coordinated_dynamic_random_and_degree,ring,dynamic,trimmed_mean,trimmed_mean,coordinated_target,0.2,random,3,1.0,total_population_regret,100,5143.149499999936,1193.9064680785943,119.39064680785944,4909.148132165589,5377.1508678342825,2522.2999999999793,7880.099999999852,normal_approximation
primary,coordinated_dynamic_random_and_degree,ring,dynamic,trimmed_mean,trimmed_mean,coordinated_target,0.2,random,3,1.0,median_honest_regret,100,200.20899999999776,74.2073052197677,7.42073052197677,185.66463543794617,214.75336456204934,1.1,499.5000000000085,normal_approximation
primary,coordinated_dynamic_random_and_degree,ring,dynamic,trimmed_mean,trimmed_mean,coordinated_target,0.2,random,3,1.0,worst_decile_honest_regret,100,571.6772499999906,140.8088634943534,14.08088634943534,544.0792198846957,599.2752801152856,275.29000000000286,912.2799999999804,normal_approximation
primary,coordinated_dynamic_random_and_degree,ring,dynamic,trimmed_mean,trimmed_mean,coordinated_target,0.2,random,3,1.0,max_honest_regret,100,802.1464999999884,165.8620121775519,16.58620121775519,769.6381429728538,834.654857027123,400.84999999999434,999.65,normal_approximation
primary,coordinated_dynamic_random_and_degree,ring,dynamic,trimmed_mean,trimmed_mean,coordinated_target,0.2,random,3,1.0,best_arm_identification_rate,100,0.579,0.12933005306680512,0.012933005306680512,0.5536517753870408,0.6043482246129591,0.15,0.85,normal_approximation
primary,coordinated_dynamic_random_and_degree,ring,dynamic,trimmed_mean,trimmed_mean,coordinated_target,0.2,random,3,1.0,messages_sent,100,100000.0,0.0,0.0,100000.0,100000.0,100000.0,100000.0,normal_approximation
primary,coordinated_dynamic_random_and_degree,ring,dynamic,trimmed_mean,trimmed_mean,coordinated_target,0.2,random,3,1.0,scalar_values_sent,100,1000000.0,0.0,0.0,1000000.0,1000000.0,1000000.0,1000000.0,normal_approximation
primary,coordinated_dynamic_random_and_degree,scale_free,dynamic,mean,mean,coordinated_target,0.2,degree_centrality,3,1.0,mean_per_agent_regret,100,87.52049999999969,10.193456816442842,1.019345681644284,85.52261917618046,89.51838082381892,68.89999999999988,123.87999999999934,normal_approximation
primary,coordinated_dynamic_random_and_degree,scale_free,dynamic,mean,mean,coordinated_target,0.2,degree_centrality,3,1.0,total_population_regret,100,1750.4099999999935,203.86913632885683,20.386913632885683,1710.452383523609,1790.367616476378,1377.9999999999975,2477.5999999999867,normal_approximation
primary,coordinated_dynamic_random_and_degree,scale_free,dynamic,mean,mean,coordinated_target,0.2,degree_centrality,3,1.0,median_honest_regret,100,87.81999999999988,13.974207843326244,1.3974207843326245,85.08110559146022,90.55889440853954,58.750000000000085,134.249999999999,normal_approximation
primary,coordinated_dynamic_random_and_degree,scale_free,dynamic,mean,mean,coordinated_target,0.2,degree_centrality,3,1.0,worst_decile_honest_regret,100,142.0213499999991,21.634822657972286,2.163482265797229,137.78100267784544,146.26169732215277,97.06999999999864,195.51499999999888,normal_approximation
primary,coordinated_dynamic_random_and_degree,scale_free,dynamic,mean,mean,coordinated_target,0.2,degree_centrality,3,1.0,max_honest_regret,100,168.85349999999872,26.07330890242343,2.607330890242343,163.74322535934496,173.96377464065247,104.25000000000085,241.09999999999826,normal_approximation
primary,coordinated_dynamic_random_and_degree,scale_free,dynamic,mean,mean,coordinated_target,0.2,degree_centrality,3,1.0,best_arm_identification_rate,100,1.0,0.0,0.0,1.0,1.0,1.0,1.0,normal_approximation
primary,coordinated_dynamic_random_and_degree,scale_free,dynamic,mean,mean,coordinated_target,0.2,degree_centrality,3,1.0,messages_sent,100,184000.0,0.0,0.0,184000.0,184000.0,184000.0,184000.0,normal_approximation
primary,coordinated_dynamic_random_and_degree,scale_free,dynamic,mean,mean,coordinated_target,0.2,degree_centrality,3,1.0,scalar_values_sent,100,1840000.0,0.0,0.0,1840000.0,1840000.0,1840000.0,1840000.0,normal_approximation
primary,coordinated_dynamic_random_and_degree,scale_free,dynamic,mean,mean,coordinated_target,0.2,random,3,1.0,mean_per_agent_regret,100,80.90667499999971,8.674970192180856,0.8674970192180856,79.20641208563642,82.606937914363,62.292499999999656,103.34999999999991,normal_approximation
primary,coordinated_dynamic_random_and_degree,scale_free,dynamic,mean,mean,coordinated_target,0.2,random,3,1.0,total_population_regret,100,1618.1334999999942,173.4994038436171,17.34994038436171,1584.1282417127281,1652.1387582872603,1245.849999999993,2066.999999999998,normal_approximation
primary,coordinated_dynamic_random_and_degree,scale_free,dynamic,mean,mean,coordinated_target,0.2,random,3,1.0,median_honest_regret,100,80.3244999999999,12.436353104320853,1.2436353104320852,77.88701958165072,82.76198041834908,42.14999999999994,121.29999999999876,normal_approximation
primary,coordinated_dynamic_random_and_degree,scale_free,dynamic,mean,mean,coordinated_target,0.2,random,3,1.0,worst_decile_honest_regret,100,136.3597499999993,20.35555692345774,2.035555692345774,132.3701341544761,140.34936584552253,102.32500000000039,177.0499999999987,normal_approximation
primary,coordinated_dynamic_random_and_degree,scale_free,dynamic,mean,mean,coordinated_target,0.2,random,3,1.0,max_honest_regret,100,165.57099999999866,23.589968742084483,2.358996874208448,160.94745108690753,170.1945489130898,116.74999999999831,221.59999999999522,normal_approximation
primary,coordinated_dynamic_random_and_degree,scale_free,dynamic,mean,mean,coordinated_target,0.2,random,3,1.0,best_arm_identification_rate,100,1.0,0.0,0.0,1.0,1.0,1.0,1.0,normal_approximation
primary,coordinated_dynamic_random_and_degree,scale_free,dynamic,mean,mean,coordinated_target,0.2,random,3,1.0,messages_sent,100,184000.0,0.0,0.0,184000.0,184000.0,184000.0,184000.0,normal_approximation
primary,coordinated_dynamic_random_and_degree,scale_free,dynamic,mean,mean,coordinated_target,0.2,random,3,1.0,scalar_values_sent,100,1840000.0,0.0,0.0,1840000.0,1840000.0,1840000.0,1840000.0,normal_approximation
primary,coordinated_dynamic_random_and_degree,scale_free,dynamic,median,median,coordinated_target,0.2,degree_centrality,3,1.0,mean_per_agent_regret,100,453.53277499999444,102.84714144002976,10.284714144002976,433.37510568645894,473.69044431352995,239.43250000000216,801.6099999999931,normal_approximation
primary,coordinated_dynamic_random_and_degree,scale_free,dynamic,median,median,coordinated_target,0.2,degree_centrality,3,1.0,total_population_regret,100,9070.655499999888,2056.9428288005956,205.69428288005957,8667.502113729177,9473.808886270599,4788.650000000043,16032.199999999862,normal_approximation
primary,coordinated_dynamic_random_and_degree,scale_free,dynamic,median,median,coordinated_target,0.2,degree_centrality,3,1.0,median_honest_regret,100,397.9152499999962,163.6672586429644,16.36672586429644,365.837056761135,429.9934432388574,2.8,897.1999999999773,normal_approximation
primary,coordinated_dynamic_random_and_degree,scale_free,dynamic,median,median,coordinated_target,0.2,degree_centrality,3,1.0,worst_decile_honest_regret,100,896.1272499999895,119.09812329933416,11.909812329933416,872.784446770689,919.4700532292901,468.68500000000006,998.705,normal_approximation
primary,coordinated_dynamic_random_and_degree,scale_free,dynamic,median,median,coordinated_target,0.2,degree_centrality,3,1.0,max_honest_regret,100,980.7379999999997,68.59850954001168,6.859850954001168,967.2929391908447,994.1830608091548,498.35,999.55,normal_approximation
primary,coordinated_dynamic_random_and_degree,scale_free,dynamic,median,median,coordinated_target,0.2,degree_centrality,3,1.0,best_arm_identification_rate,100,0.635,0.15134080878613143,0.015134080878613143,0.6053377465388019,0.6646622534611981,0.15,1.0,normal_approximation
primary,coordinated_dynamic_random_and_degree,scale_free,dynamic,median,median,coordinated_target,0.2,degree_centrality,3,1.0,messages_sent,100,184000.0,0.0,0.0,184000.0,184000.0,184000.0,184000.0,normal_approximation
primary,coordinated_dynamic_random_and_degree,scale_free,dynamic,median,median,coordinated_target,0.2,degree_centrality,3,1.0,scalar_values_sent,100,1840000.0,0.0,0.0,1840000.0,1840000.0,1840000.0,1840000.0,normal_approximation
primary,coordinated_dynamic_random_and_degree,scale_free,dynamic,median,median,coordinated_target,0.2,random,3,1.0,mean_per_agent_regret,100,419.56862499999477,84.53835130630122,8.453835130630122,402.9994126127203,436.13783738726926,191.21499999999648,605.8674999999934,normal_approximation
primary,coordinated_dynamic_random_and_degree,scale_free,dynamic,median,median,coordinated_target,0.2,random,3,1.0,total_population_regret,100,8391.372499999896,1690.7670261260246,169.07670261260245,8059.988252254406,8722.756747745385,3824.2999999999297,12117.349999999868,normal_approximation
primary,coordinated_dynamic_random_and_degree,scale_free,dynamic,median,median,coordinated_target,0.2,random,3,1.0,median_honest_regret,100,348.50524999999755,137.41284502720916,13.741284502720916,321.57282727334615,375.43767272664894,70.59999999999924,796.7749999999719,normal_approximation
primary,coordinated_dynamic_random_and_degree,scale_free,dynamic,median,median,coordinated_target,0.2,random,3,1.0,worst_decile_honest_regret,100,876.9681999999881,120.14344930276255,12.014344930276255,853.4205166388052,900.515883361171,510.92499999999046,998.775,normal_approximation
primary,coordinated_dynamic_random_and_degree,scale_free,dynamic,median,median,coordinated_target,0.2,random,3,1.0,max_honest_regret,100,982.1979999999987,46.17919801483538,4.617919801483538,973.1470435055967,991.2489564944008,798.2999999999718,999.9,normal_approximation
primary,coordinated_dynamic_random_and_degree,scale_free,dynamic,median,median,coordinated_target,0.2,random,3,1.0,best_arm_identification_rate,100,0.6629999999999999,0.14277551780626987,0.014277551780626988,0.6350165127225653,0.6909834872774345,0.25,0.95,normal_approximation
primary,coordinated_dynamic_random_and_degree,scale_free,dynamic,median,median,coordinated_target,0.2,random,3,1.0,messages_sent,100,184000.0,0.0,0.0,184000.0,184000.0,184000.0,184000.0,normal_approximation
primary,coordinated_dynamic_random_and_degree,scale_free,dynamic,median,median,coordinated_target,0.2,random,3,1.0,scalar_values_sent,100,1840000.0,0.0,0.0,1840000.0,1840000.0,1840000.0,1840000.0,normal_approximation
primary,coordinated_dynamic_random_and_degree,scale_free,dynamic,trimmed_mean,trimmed_mean,coordinated_target,0.2,degree_centrality,3,1.0,mean_per_agent_regret,100,320.15867499999604,57.07945185150655,5.707945185150654,308.97130801137195,331.34604198862013,195.99999999999758,470.22249999999366,normal_approximation
primary,coordinated_dynamic_random_and_degree,scale_free,dynamic,trimmed_mean,trimmed_mean,coordinated_target,0.2,degree_centrality,3,1.0,total_population_regret,100,6403.173499999921,1141.589037030131,114.15890370301311,6179.426160227439,6626.920839772402,3919.999999999952,9404.449999999873,normal_approximation
primary,coordinated_dynamic_random_and_degree,scale_free,dynamic,trimmed_mean,trimmed_mean,coordinated_target,0.2,degree_centrality,3,1.0,median_honest_regret,100,273.1919999999981,87.3398971683256,8.73398971683256,256.0736947136631,290.31030528633306,124.90000000000077,504.22499999999343,normal_approximation
primary,coordinated_dynamic_random_and_degree,scale_free,dynamic,trimmed_mean,trimmed_mean,coordinated_target,0.2,degree_centrality,3,1.0,worst_decile_honest_regret,100,664.5249499999852,131.19327484244343,13.119327484244343,638.8115406294799,690.2383593704906,325.54999999999825,907.2599999999952,normal_approximation
primary,coordinated_dynamic_random_and_degree,scale_free,dynamic,trimmed_mean,trimmed_mean,coordinated_target,0.2,degree_centrality,3,1.0,max_honest_regret,100,871.5709999999879,109.9490651542074,10.994906515420741,850.0213792163785,893.1206207835972,550.1999999999877,998.95,normal_approximation
primary,coordinated_dynamic_random_and_degree,scale_free,dynamic,trimmed_mean,trimmed_mean,coordinated_target,0.2,degree_centrality,3,1.0,best_arm_identification_rate,100,0.605,0.1673470958966737,0.01673470958966737,0.5722005719125148,0.6377994280874851,0.2,0.9,normal_approximation
primary,coordinated_dynamic_random_and_degree,scale_free,dynamic,trimmed_mean,trimmed_mean,coordinated_target,0.2,degree_centrality,3,1.0,messages_sent,100,184000.0,0.0,0.0,184000.0,184000.0,184000.0,184000.0,normal_approximation
primary,coordinated_dynamic_random_and_degree,scale_free,dynamic,trimmed_mean,trimmed_mean,coordinated_target,0.2,degree_centrality,3,1.0,scalar_values_sent,100,1840000.0,0.0,0.0,1840000.0,1840000.0,1840000.0,1840000.0,normal_approximation
primary,coordinated_dynamic_random_and_degree,scale_free,dynamic,trimmed_mean,trimmed_mean,coordinated_target,0.2,random,3,1.0,mean_per_agent_regret,100,331.9544499999959,56.98914717540667,5.698914717540667,320.78478240265093,343.1241175973409,207.48499999999794,490.01999999998833,normal_approximation
primary,coordinated_dynamic_random_and_degree,scale_free,dynamic,trimmed_mean,trimmed_mean,coordinated_target,0.2,random,3,1.0,total_population_regret,100,6639.088999999919,1139.7829435081335,113.97829435081334,6415.69564805302,6862.482351946818,4149.699999999959,9800.399999999767,normal_approximation
primary,coordinated_dynamic_random_and_degree,scale_free,dynamic,trimmed_mean,trimmed_mean,coordinated_target,0.2,random,3,1.0,median_honest_regret,100,276.876249999998,82.60650237440592,8.260650237440592,260.6856730457322,293.0668269542638,51.074999999999264,574.5249999999852,normal_approximation
primary,coordinated_dynamic_random_and_degree,scale_free,dynamic,trimmed_mean,trimmed_mean,coordinated_target,0.2,random,3,1.0,worst_decile_honest_regret,100,700.2949999999872,131.14668281982946,13.114668281982947,674.5907224981108,725.9992775018636,403.0349999999942,997.655,normal_approximation
primary,coordinated_dynamic_random_and_degree,scale_free,dynamic,trimmed_mean,trimmed_mean,coordinated_target,0.2,random,3,1.0,max_honest_regret,100,920.7509999999919,96.26255971576838,9.626255971576837,901.8838849897377,939.6181150102461,599.1499999999986,1000.0,normal_approximation
primary,coordinated_dynamic_random_and_degree,scale_free,dynamic,trimmed_mean,trimmed_mean,coordinated_target,0.2,random,3,1.0,best_arm_identification_rate,100,0.6145,0.1872575874040997,0.01872575874040997,0.5777981872856104,0.6512018127143897,0.1,1.0,normal_approximation
primary,coordinated_dynamic_random_and_degree,scale_free,dynamic,trimmed_mean,trimmed_mean,coordinated_target,0.2,random,3,1.0,messages_sent,100,184000.0,0.0,0.0,184000.0,184000.0,184000.0,184000.0,normal_approximation
primary,coordinated_dynamic_random_and_degree,scale_free,dynamic,trimmed_mean,trimmed_mean,coordinated_target,0.2,random,3,1.0,scalar_values_sent,100,1840000.0,0.0,0.0,1840000.0,1840000.0,1840000.0,1840000.0,normal_approximation
primary,coordinated_static_random_and_degree,ring,static,independent,mean,coordinated_target,0.2,degree_centrality,3,1.0,mean_per_agent_regret,100,114.70039999999968,2.8405045993252456,0.28405045993252453,114.14367132873988,115.25712867125947,106.9374999999997,122.07999999999966,normal_approximation
primary,coordinated_static_random_and_degree,ring,static,independent,mean,coordinated_target,0.2,degree_centrality,3,1.0,total_population_regret,100,2294.0079999999934,56.81009198650492,5.681009198650492,2282.8734265747976,2305.1425734251893,2138.749999999994,2441.599999999993,normal_approximation
primary,coordinated_static_random_and_degree,ring,static,independent,mean,coordinated_target,0.2,degree_centrality,3,1.0,median_honest_regret,100,114.60149999999965,3.8202094513947036,0.3820209451394704,113.85275270618634,115.35024729381296,105.70000000000005,122.9499999999997,normal_approximation
primary,coordinated_static_random_and_degree,ring,static,independent,mean,coordinated_target,0.2,degree_centrality,3,1.0,worst_decile_honest_regret,100,131.12424999999953,4.822966278624255,0.48229662786242555,130.17896597952407,132.069534020475,117.9699999999995,142.62499999999994,normal_approximation
primary,coordinated_static_random_and_degree,ring,static,independent,mean,coordinated_target,0.2,degree_centrality,3,1.0,max_honest_regret,100,141.20899999999952,7.485357356030161,0.7485357356030161,139.74189691707642,142.67610308292262,128.29999999999976,169.64999999999984,normal_approximation
primary,coordinated_static_random_and_degree,ring,static,independent,mean,coordinated_target,0.2,degree_centrality,3,1.0,best_arm_identification_rate,100,1.0,0.0,0.0,1.0,1.0,1.0,1.0,normal_approximation
primary,coordinated_static_random_and_degree,ring,static,independent,mean,coordinated_target,0.2,degree_centrality,3,1.0,messages_sent,100,0.0,0.0,0.0,0.0,0.0,0.0,0.0,normal_approximation
primary,coordinated_static_random_and_degree,ring,static,independent,mean,coordinated_target,0.2,degree_centrality,3,1.0,scalar_values_sent,100,0.0,0.0,0.0,0.0,0.0,0.0,0.0,normal_approximation
primary,coordinated_static_random_and_degree,ring,static,independent,mean,coordinated_target,0.2,random,3,1.0,mean_per_agent_regret,100,114.86759999999967,2.995397456806429,0.2995397456806429,114.28051288652732,115.45468711347202,106.87749999999974,122.31499999999978,normal_approximation
primary,coordinated_static_random_and_degree,ring,static,independent,mean,coordinated_target,0.2,random,3,1.0,total_population_regret,100,2297.3519999999935,59.907949136128586,5.990794913612858,2285.6102577305464,2309.0937422694406,2137.5499999999947,2446.2999999999956,normal_approximation
primary,coordinated_static_random_and_degree,ring,static,independent,mean,coordinated_target,0.2,random,3,1.0,median_honest_regret,100,114.47524999999962,3.9805913204071603,0.398059132040716,113.69506843748255,115.25543156251669,105.44999999999968,122.99999999999947,normal_approximation
primary,coordinated_static_random_and_degree,ring,static,independent,mean,coordinated_target,0.2,random,3,1.0,worst_decile_honest_regret,100,131.13394999999952,4.7932417856452245,0.4793241785645225,130.1944918730938,132.07340812690524,117.9699999999995,146.69499999999834,normal_approximation
primary,coordinated_static_random_and_degree,ring,static,independent,mean,coordinated_target,0.2,random,3,1.0,max_honest_regret,100,141.40899999999954,6.990427726397018,0.6990427726397017,140.0389013419727,142.77909865802638,130.59999999999928,169.64999999999984,normal_approximation
primary,coordinated_static_random_and_degree,ring,static,independent,mean,coordinated_target,0.2,random,3,1.0,best_arm_identification_rate,100,1.0,0.0,0.0,1.0,1.0,1.0,1.0,normal_approximation
primary,coordinated_static_random_and_degree,ring,static,independent,mean,coordinated_target,0.2,random,3,1.0,messages_sent,100,0.0,0.0,0.0,0.0,0.0,0.0,0.0,normal_approximation
primary,coordinated_static_random_and_degree,ring,static,independent,mean,coordinated_target,0.2,random,3,1.0,scalar_values_sent,100,0.0,0.0,0.0,0.0,0.0,0.0,0.0,normal_approximation
primary,coordinated_static_random_and_degree,ring,static,mean,mean,coordinated_target,0.2,degree_centrality,3,1.0,mean_per_agent_regret,100,90.15827499999978,4.047569598964192,0.40475695989641924,89.36496593611088,90.95158406388867,78.99749999999977,99.48249999999959,normal_approximation
primary,coordinated_static_random_and_degree,ring,static,mean,mean,coordinated_target,0.2,degree_centrality,3,1.0,total_population_regret,100,1803.1654999999955,80.95139197928385,8.095139197928386,1787.2993187222173,1819.0316812777737,1579.9499999999955,1989.6499999999917,normal_approximation
primary,coordinated_static_random_and_degree,ring,static,mean,mean,coordinated_target,0.2,degree_centrality,3,1.0,median_honest_regret,100,86.39599999999986,14.116630317294156,1.4116630317294157,83.62919129950357,89.16280870049614,64.32500000000029,141.02500000000043,normal_approximation
primary,coordinated_static_random_and_degree,ring,static,mean,mean,coordinated_target,0.2,degree_centrality,3,1.0,worst_decile_honest_regret,100,163.45984999999948,20.659571392669076,2.0659571392669074,159.41064841343294,167.50905158656602,117.33999999999918,211.7799999999985,normal_approximation
primary,coordinated_static_random_and_degree,ring,static,mean,mean,coordinated_target,0.2,degree_centrality,3,1.0,max_honest_regret,100,229.5855000000004,36.573041138676444,3.6573041138676445,222.41731565630963,236.75368434369116,163.30000000000135,356.0000000000029,normal_approximation
primary,coordinated_static_random_and_degree,ring,static,mean,mean,coordinated_target,0.2,degree_centrality,3,1.0,best_arm_identification_rate,100,1.0,0.0,0.0,1.0,1.0,1.0,1.0,normal_approximation
primary,coordinated_static_random_and_degree,ring,static,mean,mean,coordinated_target,0.2,degree_centrality,3,1.0,messages_sent,100,100000.0,0.0,0.0,100000.0,100000.0,100000.0,100000.0,normal_approximation
primary,coordinated_static_random_and_degree,ring,static,mean,mean,coordinated_target,0.2,degree_centrality,3,1.0,scalar_values_sent,100,1000000.0,0.0,0.0,1000000.0,1000000.0,1000000.0,1000000.0,normal_approximation
primary,coordinated_static_random_and_degree,ring,static,mean,mean,coordinated_target,0.2,random,3,1.0,mean_per_agent_regret,100,83.01299999999965,7.13916209928006,0.7139162099280061,81.61374994056142,84.41225005943788,68.07749999999966,103.4499999999995,normal_approximation
primary,coordinated_static_random_and_degree,ring,static,mean,mean,coordinated_target,0.2,random,3,1.0,total_population_regret,100,1660.259999999993,142.78324198560122,14.278324198560123,1632.2749988112284,1688.2450011887574,1361.5499999999931,2068.99999999999,normal_approximation
primary,coordinated_static_random_and_degree,ring,static,mean,mean,coordinated_target,0.2,random,3,1.0,median_honest_regret,100,80.34124999999986,16.39782466441028,1.6397824664410279,77.12733542329518,83.55516457670454,41.09999999999992,139.89999999999932,normal_approximation
primary,coordinated_static_random_and_degree,ring,static,mean,mean,coordinated_target,0.2,random,3,1.0,worst_decile_honest_regret,100,148.56754999999916,17.868416390111374,1.7868416390111375,145.0654047414608,152.0696952585375,108.57499999999857,199.5149999999991,normal_approximation
primary,coordinated_static_random_and_degree,ring,static,mean,mean,coordinated_target,0.2,random,3,1.0,max_honest_regret,100,176.80799999999883,23.79990102687181,2.3799901026871813,172.14330511517016,181.4726948848275,128.49999999999815,241.40000000000092,normal_approximation
primary,coordinated_static_random_and_degree,ring,static,mean,mean,coordinated_target,0.2,random,3,1.0,best_arm_identification_rate,100,1.0,0.0,0.0,1.0,1.0,1.0,1.0,normal_approximation
primary,coordinated_static_random_and_degree,ring,static,mean,mean,coordinated_target,0.2,random,3,1.0,messages_sent,100,100000.0,0.0,0.0,100000.0,100000.0,100000.0,100000.0,normal_approximation
primary,coordinated_static_random_and_degree,ring,static,mean,mean,coordinated_target,0.2,random,3,1.0,scalar_values_sent,100,1000000.0,0.0,0.0,1000000.0,1000000.0,1000000.0,1000000.0,normal_approximation
primary,coordinated_static_random_and_degree,ring,static,median,median,coordinated_target,0.2,degree_centrality,3,1.0,mean_per_agent_regret,100,393.91037499999396,106.77154239165728,10.677154239165727,372.98353723385,414.83721276613795,131.76499999999663,774.3099999999847,normal_approximation
primary,coordinated_static_random_and_degree,ring,static,median,median,coordinated_target,0.2,degree_centrality,3,1.0,total_population_regret,100,7878.207499999879,2135.4308478331454,213.54308478331455,7459.670744676999,8296.74425532276,2635.2999999999324,15486.199999999695,normal_approximation
primary,coordinated_static_random_and_degree,ring,static,median,median,coordinated_target,0.2,degree_centrality,3,1.0,median_honest_regret,100,283.3707499999953,173.17189670605802,17.317189670605803,249.4296819321589,317.3118180678317,4.150000000000001,797.3749999999718,normal_approximation
primary,coordinated_static_random_and_degree,ring,static,median,median,coordinated_target,0.2,degree_centrality,3,1.0,worst_decile_honest_regret,100,908.1980499999908,131.7667092079955,13.176670920799548,882.3722495590874,934.0238504408941,349.134999999998,998.76,normal_approximation
primary,coordinated_static_random_and_degree,ring,static,median,median,coordinated_target,0.2,degree_centrality,3,1.0,max_honest_regret,100,989.6664999999989,39.76839391141373,3.976839391141373,981.8720380210616,997.4609619789362,791.3499999999722,999.65,normal_approximation
primary,coordinated_static_random_and_degree,ring,static,median,median,coordinated_target,0.2,degree_centrality,3,1.0,best_arm_identification_rate,100,0.5885,0.14717113655314154,0.014717113655314154,0.5596549872792016,0.6173450127207984,0.2,0.9,normal_approximation
primary,coordinated_static_random_and_degree,ring,static,median,median,coordinated_target,0.2,degree_centrality,3,1.0,messages_sent,100,100000.0,0.0,0.0,100000.0,100000.0,100000.0,100000.0,normal_approximation
primary,coordinated_static_random_and_degree,ring,static,median,median,coordinated_target,0.2,degree_centrality,3,1.0,scalar_values_sent,100,1000000.0,0.0,0.0,1000000.0,1000000.0,1000000.0,1000000.0,normal_approximation
primary,coordinated_static_random_and_degree,ring,static,median,median,coordinated_target,0.2,random,3,1.0,mean_per_agent_regret,100,415.50672499999337,98.4750528166088,9.84750528166088,396.2059693103701,434.8074806896166,184.8824999999997,634.8349999999892,normal_approximation
primary,coordinated_static_random_and_degree,ring,static,median,median,coordinated_target,0.2,random,3,1.0,total_population_regret,100,8310.134499999867,1969.5010563321757,196.95010563321756,7924.1193862074015,8696.149613792333,3697.649999999994,12696.699999999784,normal_approximation
primary,coordinated_static_random_and_degree,ring,static,median,median,coordinated_target,0.2,random,3,1.0,median_honest_regret,100,319.74524999999454,185.08344387232938,18.50834438723294,283.4695615875539,356.02093841243516,3.0500000000000003,797.9249999999718,normal_approximation
primary,coordinated_static_random_and_degree,ring,static,median,median,coordinated_target,0.2,random,3,1.0,worst_decile_honest_regret,100,938.1849999999936,99.79067493529702,9.979067493529701,918.6263871133809,957.7436128866062,369.7900000000011,999.265,normal_approximation
primary,coordinated_static_random_and_degree,ring,static,median,median,coordinated_target,0.2,random,3,1.0,max_honest_regret,100,993.2779999999995,28.31870238995296,2.831870238995296,987.7276363226779,998.828363677321,798.4499999999717,999.65,normal_approximation
primary,coordinated_static_random_and_degree,ring,static,median,median,coordinated_target,0.2,random,3,1.0,best_arm_identification_rate,100,0.55,0.13926212476455826,0.013926212476455826,0.5227051251050943,0.5772948748949058,0.25,0.85,normal_approximation
primary,coordinated_static_random_and_degree,ring,static,median,median,coordinated_target,0.2,random,3,1.0,messages_sent,100,100000.0,0.0,0.0,100000.0,100000.0,100000.0,100000.0,normal_approximation
primary,coordinated_static_random_and_degree,ring,static,median,median,coordinated_target,0.2,random,3,1.0,scalar_values_sent,100,1000000.0,0.0,0.0,1000000.0,1000000.0,1000000.0,1000000.0,normal_approximation
primary,coordinated_static_random_and_degree,ring,static,trimmed_mean,trimmed_mean,coordinated_target,0.2,degree_centrality,3,1.0,mean_per_agent_regret,100,220.28969999999583,71.0495120037395,7.104951200373949,206.36425153534827,234.2151484646434,41.75249999999966,389.93499999999545,normal_approximation
primary,coordinated_static_random_and_degree,ring,static,trimmed_mean,trimmed_mean,coordinated_target,0.2,degree_centrality,3,1.0,total_population_regret,100,4405.793999999916,1420.99024007479,142.09902400747902,4127.285030706965,4684.302969292868,835.0499999999931,7798.699999999909,normal_approximation
primary,coordinated_static_random_and_degree,ring,static,trimmed_mean,trimmed_mean,coordinated_target,0.2,degree_centrality,3,1.0,median_honest_regret,100,156.37199999999564,95.53772578928984,9.553772578928983,137.6469498288085,175.0970501711828,0.725,300.2500000000001,normal_approximation
primary,coordinated_static_random_and_degree,ring,static,trimmed_mean,trimmed_mean,coordinated_target,0.2,degree_centrality,3,1.0,worst_decile_honest_regret,100,546.6365499999887,266.0253153231296,26.60253153231296,494.49654629906416,598.7765537009133,25.174999999999567,998.9150000000001,normal_approximation
primary,coordinated_static_random_and_degree,ring,static,trimmed_mean,trimmed_mean,coordinated_target,0.2,degree_centrality,3,1.0,max_honest_regret,100,893.4059999999902,165.08822316653803,16.508822316653802,861.0493028321777,925.7626971678027,300.20000000000016,999.65,normal_approximation
primary,coordinated_static_random_and_degree,ring,static,trimmed_mean,trimmed_mean,coordinated_target,0.2,degree_centrality,3,1.0,best_arm_identification_rate,100,0.512,0.16285334544065136,0.016285334544065135,0.4800813308174463,0.5439186691825537,0.1,0.8,normal_approximation
primary,coordinated_static_random_and_degree,ring,static,trimmed_mean,trimmed_mean,coordinated_target,0.2,degree_centrality,3,1.0,messages_sent,100,100000.0,0.0,0.0,100000.0,100000.0,100000.0,100000.0,normal_approximation
primary,coordinated_static_random_and_degree,ring,static,trimmed_mean,trimmed_mean,coordinated_target,0.2,degree_centrality,3,1.0,scalar_values_sent,100,1000000.0,0.0,0.0,1000000.0,1000000.0,1000000.0,1000000.0,normal_approximation
primary,coordinated_static_random_and_degree,ring,static,trimmed_mean,trimmed_mean,coordinated_target,0.2,random,3,1.0,mean_per_agent_regret,100,232.75557499999536,71.85696206758605,7.185696206758605,218.67186923090242,246.8392807690883,56.389999999999645,435.04999999999325,normal_approximation
primary,coordinated_static_random_and_degree,ring,static,trimmed_mean,trimmed_mean,coordinated_target,0.2,random,3,1.0,total_population_regret,100,4655.111499999907,1437.139241351721,143.7139241351721,4373.437384618048,4936.785615381767,1127.799999999993,8700.999999999865,normal_approximation
primary,coordinated_static_random_and_degree,ring,static,trimmed_mean,trimmed_mean,coordinated_target,0.2,random,3,1.0,median_honest_regret,100,158.02824999999564,95.73578597024495,9.573578597024495,139.26438074666413,176.79211925332714,0.875,300.55000000000007,normal_approximation
primary,coordinated_static_random_and_degree,ring,static,trimmed_mean,trimmed_mean,coordinated_target,0.2,random,3,1.0,worst_decile_honest_regret,100,586.2881499999875,268.5285885092888,26.85285885092888,533.6575137702292,638.9187862297457,200.77499999999287,999.455,normal_approximation
primary,coordinated_static_random_and_degree,ring,static,trimmed_mean,trimmed_mean,coordinated_target,0.2,random,3,1.0,max_honest_regret,100,898.51849999999,158.61403676643982,15.861403676643983,867.4307200495166,929.6062799504634,201.64999999999281,999.65,normal_approximation
primary,coordinated_static_random_and_degree,ring,static,trimmed_mean,trimmed_mean,coordinated_target,0.2,random,3,1.0,best_arm_identification_rate,100,0.49700000000000005,0.13119882359659826,0.013119882359659826,0.4712855030936644,0.5227144969063356,0.25,0.85,normal_approximation
primary,coordinated_static_random_and_degree,ring,static,trimmed_mean,trimmed_mean,coordinated_target,0.2,random,3,1.0,messages_sent,100,100000.0,0.0,0.0,100000.0,100000.0,100000.0,100000.0,normal_approximation
primary,coordinated_static_random_and_degree,ring,static,trimmed_mean,trimmed_mean,coordinated_target,0.2,random,3,1.0,scalar_values_sent,100,1000000.0,0.0,0.0,1000000.0,1000000.0,1000000.0,1000000.0,normal_approximation
primary,coordinated_static_random_and_degree,scale_free,static,independent,mean,coordinated_target,0.2,degree_centrality,3,1.0,mean_per_agent_regret,100,114.81302499999967,3.005177398900709,0.3005177398900709,114.22402105309975,115.40202894689959,107.26499999999967,122.4024999999996,normal_approximation
primary,coordinated_static_random_and_degree,scale_free,static,independent,mean,coordinated_target,0.2,degree_centrality,3,1.0,total_population_regret,100,2296.2604999999935,60.103547978014184,6.010354797801418,2284.480421061995,2308.040578937992,2145.2999999999934,2448.049999999992,normal_approximation
primary,coordinated_static_random_and_degree,scale_free,static,independent,mean,coordinated_target,0.2,degree_centrality,3,1.0,median_honest_regret,100,114.79924999999963,3.8287941751756156,0.38287941751756155,114.04882013124353,115.54967986875573,105.59999999999945,123.49999999999925,normal_approximation
primary,coordinated_static_random_and_degree,scale_free,static,independent,mean,coordinated_target,0.2,degree_centrality,3,1.0,worst_decile_honest_regret,100,131.35744999999952,5.079580904877009,0.5079580904877009,130.36187043698789,132.35302956301115,117.9699999999995,146.69499999999834,normal_approximation
primary,coordinated_static_random_and_degree,scale_free,static,independent,mean,coordinated_target,0.2,degree_centrality,3,1.0,max_honest_regret,100,141.06199999999953,7.204681138192776,0.7204681138192777,139.64990844490424,142.47409155509482,128.29999999999976,169.64999999999984,normal_approximation
primary,coordinated_static_random_and_degree,scale_free,static,independent,mean,coordinated_target,0.2,degree_centrality,3,1.0,best_arm_identification_rate,100,1.0,0.0,0.0,1.0,1.0,1.0,1.0,normal_approximation
primary,coordinated_static_random_and_degree,scale_free,static,independent,mean,coordinated_target,0.2,degree_centrality,3,1.0,messages_sent,100,0.0,0.0,0.0,0.0,0.0,0.0,0.0,normal_approximation
primary,coordinated_static_random_and_degree,scale_free,static,independent,mean,coordinated_target,0.2,degree_centrality,3,1.0,scalar_values_sent,100,0.0,0.0,0.0,0.0,0.0,0.0,0.0,normal_approximation
primary,coordinated_static_random_and_degree,scale_free,static,independent,mean,coordinated_target,0.2,random,3,1.0,mean_per_agent_regret,100,114.86759999999967,2.995397456806429,0.2995397456806429,114.28051288652732,115.45468711347202,106.87749999999974,122.31499999999978,normal_approximation
primary,coordinated_static_random_and_degree,scale_free,static,independent,mean,coordinated_target,0.2,random,3,1.0,total_population_regret,100,2297.3519999999935,59.907949136128586,5.990794913612858,2285.6102577305464,2309.0937422694406,2137.5499999999947,2446.2999999999956,normal_approximation
primary,coordinated_static_random_and_degree,scale_free,static,independent,mean,coordinated_target,0.2,random,3,1.0,median_honest_regret,100,114.47524999999962,3.9805913204071603,0.398059132040716,113.69506843748255,115.25543156251669,105.44999999999968,122.99999999999947,normal_approximation
primary,coordinated_static_random_and_degree,scale_free,static,independent,mean,coordinated_target,0.2,random,3,1.0,worst_decile_honest_regret,100,131.13394999999952,4.7932417856452245,0.4793241785645225,130.1944918730938,132.07340812690524,117.9699999999995,146.69499999999834,normal_approximation
primary,coordinated_static_random_and_degree,scale_free,static,independent,mean,coordinated_target,0.2,random,3,1.0,max_honest_regret,100,141.40899999999954,6.990427726397018,0.6990427726397017,140.0389013419727,142.77909865802638,130.59999999999928,169.64999999999984,normal_approximation
primary,coordinated_static_random_and_degree,scale_free,static,independent,mean,coordinated_target,0.2,random,3,1.0,best_arm_identification_rate,100,1.0,0.0,0.0,1.0,1.0,1.0,1.0,normal_approximation
primary,coordinated_static_random_and_degree,scale_free,static,independent,mean,coordinated_target,0.2,random,3,1.0,messages_sent,100,0.0,0.0,0.0,0.0,0.0,0.0,0.0,normal_approximation
primary,coordinated_static_random_and_degree,scale_free,static,independent,mean,coordinated_target,0.2,random,3,1.0,scalar_values_sent,100,0.0,0.0,0.0,0.0,0.0,0.0,0.0,normal_approximation
primary,coordinated_static_random_and_degree,scale_free,static,mean,mean,coordinated_target,0.2,degree_centrality,3,1.0,mean_per_agent_regret,100,89.49017499999965,11.964089366751995,1.1964089366751995,87.1452565733344,91.83509342666491,65.46,128.62249999999904,normal_approximation
primary,coordinated_static_random_and_degree,scale_free,static,mean,mean,coordinated_target,0.2,degree_centrality,3,1.0,total_population_regret,100,1789.8034999999932,239.28178733503992,23.92817873350399,1742.905131466688,1836.7018685332982,1309.1999999999998,2572.4499999999807,normal_approximation
primary,coordinated_static_random_and_degree,scale_free,static,mean,mean,coordinated_target,0.2,degree_centrality,3,1.0,median_honest_regret,100,91.16899999999991,17.75430632070119,1.775430632070119,87.68921990409329,94.64878009590653,53.99999999999993,147.8999999999993,normal_approximation
primary,coordinated_static_random_and_degree,scale_free,static,mean,mean,coordinated_target,0.2,degree_centrality,3,1.0,worst_decile_honest_regret,100,147.0142499999989,21.9030997918653,2.19030997918653,142.7213213258146,151.30717867418318,104.83500000000075,204.01999999999734,normal_approximation
primary,coordinated_static_random_and_degree,scale_free,static,mean,mean,coordinated_target,0.2,degree_centrality,3,1.0,max_honest_regret,100,177.41549999999873,25.619299755252552,2.5619299755252554,172.39420951705566,182.4367904829418,109.00000000000105,234.24999999999974,normal_approximation
primary,coordinated_static_random_and_degree,scale_free,static,mean,mean,coordinated_target,0.2,degree_centrality,3,1.0,best_arm_identification_rate,100,1.0,0.0,0.0,1.0,1.0,1.0,1.0,normal_approximation
primary,coordinated_static_random_and_degree,scale_free,static,mean,mean,coordinated_target,0.2,degree_centrality,3,1.0,messages_sent,100,184000.0,0.0,0.0,184000.0,184000.0,184000.0,184000.0,normal_approximation
primary,coordinated_static_random_and_degree,scale_free,static,mean,mean,coordinated_target,0.2,degree_centrality,3,1.0,scalar_values_sent,100,1840000.0,0.0,0.0,1840000.0,1840000.0,1840000.0,1840000.0,normal_approximation
primary,coordinated_static_random_and_degree,scale_free,static,mean,mean,coordinated_target,0.2,random,3,1.0,mean_per_agent_regret,100,82.10022499999967,9.852215615649424,0.9852215615649424,80.16922622254008,84.03122377745926,56.412499999999774,108.05999999999922,normal_approximation
primary,coordinated_static_random_and_degree,scale_free,static,mean,mean,coordinated_target,0.2,random,3,1.0,total_population_regret,100,1642.0044999999934,197.0443123129885,19.704431231298848,1603.3845244508013,1680.6244755491855,1128.2499999999955,2161.1999999999844,normal_approximation
primary,coordinated_static_random_and_degree,scale_free,static,mean,mean,coordinated_target,0.2,random,3,1.0,median_honest_regret,100,82.2424999999999,15.394953792484223,1.5394953792484223,79.22514450230716,85.25985549769263,43.74999999999993,117.54999999999919,normal_approximation
primary,coordinated_static_random_and_degree,scale_free,static,mean,mean,coordinated_target,0.2,random,3,1.0,worst_decile_honest_regret,100,139.97719999999933,21.17818337751624,2.117818337751624,135.82635233220765,144.128047667791,88.68500000000013,199.76499999999635,normal_approximation
primary,coordinated_static_random_and_degree,scale_free,static,mean,mean,coordinated_target,0.2,random,3,1.0,max_honest_regret,100,170.58999999999847,26.21795205772193,2.621795205772193,165.4513758218452,175.72862417815173,116.35000000000095,250.59999999999974,normal_approximation
primary,coordinated_static_random_and_degree,scale_free,static,mean,mean,coordinated_target,0.2,random,3,1.0,best_arm_identification_rate,100,1.0,0.0,0.0,1.0,1.0,1.0,1.0,normal_approximation
primary,coordinated_static_random_and_degree,scale_free,static,mean,mean,coordinated_target,0.2,random,3,1.0,messages_sent,100,184000.0,0.0,0.0,184000.0,184000.0,184000.0,184000.0,normal_approximation
primary,coordinated_static_random_and_degree,scale_free,static,mean,mean,coordinated_target,0.2,random,3,1.0,scalar_values_sent,100,1840000.0,0.0,0.0,1840000.0,1840000.0,1840000.0,1840000.0,normal_approximation
primary,coordinated_static_random_and_degree,scale_free,static,median,median,coordinated_target,0.2,degree_centrality,3,1.0,mean_per_agent_regret,100,496.59887499999263,115.57602648594315,11.557602648594315,473.94639006112305,519.2513599388623,255.162499999997,877.632499999994,normal_approximation
primary,coordinated_static_random_and_degree,scale_free,static,median,median,coordinated_target,0.2,degree_centrality,3,1.0,total_population_regret,100,9931.977499999854,2311.520529718863,231.15205297188632,9478.927801222462,10385.027198777245,5103.24999999994,17552.64999999988,normal_approximation
primary,coordinated_static_random_and_degree,scale_free,static,median,median,coordinated_target,0.2,degree_centrality,3,1.0,median_honest_regret,100,464.0484999999899,248.7215783169003,24.87215783169003,415.2999664320816,512.7970335678982,2.275,990.925,normal_approximation
primary,coordinated_static_random_and_degree,scale_free,static,median,median,coordinated_target,0.2,degree_centrality,3,1.0,worst_decile_honest_regret,100,958.1368499999958,71.56697934208418,7.1566979342084185,944.1099798007151,972.1637201992764,789.5849999999723,999.505,normal_approximation
primary,coordinated_static_random_and_degree,scale_free,static,median,median,coordinated_target,0.2,degree_centrality,3,1.0,max_honest_regret,100,997.7964999999999,2.149362778484663,0.2149362778484663,997.3752326364458,998.217767363554,983.7,999.55,normal_approximation
primary,coordinated_static_random_and_degree,scale_free,static,median,median,coordinated_target,0.2,degree_centrality,3,1.0,best_arm_identification_rate,100,0.546,0.171252073643716,0.0171252073643716,0.5124352103380516,0.5795647896619485,0.2,0.9,normal_approximation
primary,coordinated_static_random_and_degree,scale_free,static,median,median,coordinated_target,0.2,degree_centrality,3,1.0,messages_sent,100,184000.0,0.0,0.0,184000.0,184000.0,184000.0,184000.0,normal_approximation
primary,coordinated_static_random_and_degree,scale_free,static,median,median,coordinated_target,0.2,degree_centrality,3,1.0,scalar_values_sent,100,1840000.0,0.0,0.0,1840000.0,1840000.0,1840000.0,1840000.0,normal_approximation
primary,coordinated_static_random_and_degree,scale_free,static,median,median,coordinated_target,0.2,random,3,1.0,mean_per_agent_regret,100,445.34807499999357,94.76315868413543,9.476315868413543,426.77483719177764,463.9213128082095,245.56749999999556,674.647499999992,normal_approximation
primary,coordinated_static_random_and_degree,scale_free,static,median,median,coordinated_target,0.2,random,3,1.0,total_population_regret,100,8906.961499999872,1895.2631736827088,189.5263173682709,8535.496743835552,9278.426256164192,4911.349999999911,13492.949999999839,normal_approximation
primary,coordinated_static_random_and_degree,scale_free,static,median,median,coordinated_target,0.2,random,3,1.0,median_honest_regret,100,367.92274999999296,195.42937915278955,19.542937915278955,329.6192955339439,406.226204466042,28.84999999999997,798.9999999999718,normal_approximation
primary,coordinated_static_random_and_degree,scale_free,static,median,median,coordinated_target,0.2,random,3,1.0,worst_decile_honest_regret,100,940.2322999999939,100.17093914758273,10.017093914758274,920.5991566973123,959.8654433026754,325.979999999999,999.505,normal_approximation
primary,coordinated_static_random_and_degree,scale_free,static,median,median,coordinated_target,0.2,random,3,1.0,max_honest_regret,100,990.3314999999989,36.31908440017499,3.6319084400174986,983.2130902624175,997.4499097375802,798.2999999999718,999.9,normal_approximation
primary,coordinated_static_random_and_degree,scale_free,static,median,median,coordinated_target,0.2,random,3,1.0,best_arm_identification_rate,100,0.6305,0.166043532079556,0.0166043532079556,0.5979560657258248,0.6630439342741751,0.2,1.0,normal_approximation
primary,coordinated_static_random_and_degree,scale_free,static,median,median,coordinated_target,0.2,random,3,1.0,messages_sent,100,184000.0,0.0,0.0,184000.0,184000.0,184000.0,184000.0,normal_approximation
primary,coordinated_static_random_and_degree,scale_free,static,median,median,coordinated_target,0.2,random,3,1.0,scalar_values_sent,100,1840000.0,0.0,0.0,1840000.0,1840000.0,1840000.0,1840000.0,normal_approximation
primary,coordinated_static_random_and_degree,scale_free,static,trimmed_mean,trimmed_mean,coordinated_target,0.2,degree_centrality,3,1.0,mean_per_agent_regret,100,292.6953749999938,76.4665530313519,7.646655303135191,277.70820600365664,307.682543996331,130.34249999999759,518.7999999999885,normal_approximation
primary,coordinated_static_random_and_degree,scale_free,static,trimmed_mean,trimmed_mean,coordinated_target,0.2,degree_centrality,3,1.0,total_population_regret,100,5853.907499999877,1529.331060627038,152.93310606270379,5554.164120073133,6153.65087992662,2606.8499999999517,10375.999999999769,normal_approximation
primary,coordinated_static_random_and_degree,scale_free,static,trimmed_mean,trimmed_mean,coordinated_target,0.2,degree_centrality,3,1.0,median_honest_regret,100,207.56574999999538,89.7942902770043,8.97942902770043,189.96639250396902,225.16510749602173,1.225,545.6499999999861,normal_approximation
primary,coordinated_static_random_and_degree,scale_free,static,trimmed_mean,trimmed_mean,coordinated_target,0.2,degree_centrality,3,1.0,worst_decile_honest_regret,100,743.8062499999813,196.22702495171194,19.622702495171193,705.3464598301016,782.2660401698611,299.9800000000002,997.775,normal_approximation
primary,coordinated_static_random_and_degree,scale_free,static,trimmed_mean,trimmed_mean,coordinated_target,0.2,degree_centrality,3,1.0,max_honest_regret,100,932.6004999999926,107.2421983918229,10.72421983918229,911.5814153529054,953.6195846470798,306.3999999999992,999.8,normal_approximation
primary,coordinated_static_random_and_degree,scale_free,static,trimmed_mean,trimmed_mean,coordinated_target,0.2,degree_centrality,3,1.0,best_arm_identification_rate,100,0.5045000000000001,0.15043623435216866,0.015043623435216865,0.4750150398699923,0.5339849601300078,0.1,0.85,normal_approximation
primary,coordinated_static_random_and_degree,scale_free,static,trimmed_mean,trimmed_mean,coordinated_target,0.2,degree_centrality,3,1.0,messages_sent,100,184000.0,0.0,0.0,184000.0,184000.0,184000.0,184000.0,normal_approximation
primary,coordinated_static_random_and_degree,scale_free,static,trimmed_mean,trimmed_mean,coordinated_target,0.2,degree_centrality,3,1.0,scalar_values_sent,100,1840000.0,0.0,0.0,1840000.0,1840000.0,1840000.0,1840000.0,normal_approximation
primary,coordinated_static_random_and_degree,scale_free,static,trimmed_mean,trimmed_mean,coordinated_target,0.2,random,3,1.0,mean_per_agent_regret,100,305.52209999999474,68.67383094311748,6.867383094311748,292.0622764671045,318.981923532885,134.83499999999907,467.6024999999898,normal_approximation
primary,coordinated_static_random_and_degree,scale_free,static,trimmed_mean,trimmed_mean,coordinated_target,0.2,random,3,1.0,total_population_regret,100,6110.4419999998945,1373.4766188623496,137.34766188623496,5841.245529342089,6379.6384706577,2696.6999999999816,9352.049999999796,normal_approximation
primary,coordinated_static_random_and_degree,scale_free,static,trimmed_mean,trimmed_mean,coordinated_target,0.2,random,3,1.0,median_honest_regret,100,212.0817499999959,72.19299460745161,7.219299460745161,197.93218306332597,226.23131693666585,1.0,339.7749999999978,normal_approximation
primary,coordinated_static_random_and_degree,scale_free,static,trimmed_mean,trimmed_mean,coordinated_target,0.2,random,3,1.0,worst_decile_honest_regret,100,799.2127499999823,168.57630689588044,16.857630689588042,766.1724009837126,832.253099016252,299.9500000000002,998.97,normal_approximation
primary,coordinated_static_random_and_degree,scale_free,static,trimmed_mean,trimmed_mean,coordinated_target,0.2,random,3,1.0,max_honest_regret,100,963.7934999999966,92.64694761172005,9.264694761172006,945.6350319403425,981.9519680596507,300.4500000000001,1000.0,normal_approximation
primary,coordinated_static_random_and_degree,scale_free,static,trimmed_mean,trimmed_mean,coordinated_target,0.2,random,3,1.0,best_arm_identification_rate,100,0.564,0.18272350365478104,0.018272350365478106,0.5281868513707656,0.5998131486292343,0.0,0.9,normal_approximation
primary,coordinated_static_random_and_degree,scale_free,static,trimmed_mean,trimmed_mean,coordinated_target,0.2,random,3,1.0,messages_sent,100,184000.0,0.0,0.0,184000.0,184000.0,184000.0,184000.0,normal_approximation
primary,coordinated_static_random_and_degree,scale_free,static,trimmed_mean,trimmed_mean,coordinated_target,0.2,random,3,1.0,scalar_values_sent,100,1840000.0,0.0,0.0,1840000.0,1840000.0,1840000.0,1840000.0,normal_approximation
